,X.,открытого..полного.энтузиазма.,критичного..склонного.спорить.,надежного.и.дисциплинированного.,тревожного..меня.легко.расстроить.,открытого.для.нового.опыта..сложного.,замкнутого..тихого.,сочувствующего..сердечного.,неорганизованного..беспечного.,спокойного..эмоционально.устойчивого.,обыкновенного..не.творческого.,X1,X2,X3,X4,X5,X6,X7,X8,X9,X10,X11,X12,X13,X14,X15,X16,X17,X18,X19,X20,X21,X22,X23,X24,X25,X26,X27,X28,X29,X30,X31,X32,X33,X34,X35,X36,X37,X38,X39,X40,X41,X42,X43,X44,X45,X46,X47,X48,X49,X50,X51,X52,X53,X54,X55,X56,X57,X58,X59,X60,X61,X62,X63,X64,X65,X66,X67,X68,X69,X70,X71,X72,X73,X74,X75,Ваш.пол.,Ваш.возраст.,Sex,Age,category
0,772bf16fb6952a3919535d96bd192c69,5,3,6,7,5,4,3,1,3,4,3,5,5,1,2,3,5,5,1,3,2,2,1,1,5,1,1,4,1,3,3,5,3,1,1,1,1,2,1,1,3,5,1,1,1,3,5,2,1,3,3,5,2,1,3,3,3,3,1,3,5,5,4,1,3,5,3,5,1,3,1,2,3,1,3,5,2,1,1,5,2,3,3,1,3,Женский,33,Женский,33,3
1,2a01e42edf73becd38e804d7e9bd98e6,6,7,7,3,6,2,5,3,4,5,1,1,2,4,2,3,2,2,2,1,1,5,2,4,4,1,5,1,2,5,2,4,1,2,4,2,2,1,2,1,4,4,1,4,1,2,1,2,4,3,1,4,1,5,1,1,2,1,5,5,2,4,1,5,4,1,2,1,5,2,1,1,2,2,1,1,3,1,4,4,2,3,2,5,1,Женский,19,Женский,19,1
2,4ee6ee094c535b64f1e8186160e06b69,7,5,6,1,5,1,5,3,7,2,2,2,2,2,1,4,1,2,5,1,2,5,2,5,1,1,5,1,5,4,1,2,2,5,2,1,5,2,5,2,1,4,1,5,1,1,1,1,5,4,1,4,2,5,4,4,2,2,5,2,1,5,4,5,4,2,5,2,5,2,2,2,2,5,1,1,2,4,5,2,2,5,2,5,1,Мужской,18,Мужской,18,1
3,26cf538fa561aab9eaf0ff30edd9c896,5,4,7,4,7,1,6,1,4,4,4,1,1,5,1,2,1,2,1,1,1,1,2,3,3,1,3,1,3,1,1,5,1,2,1,1,3,1,3,1,3,5,1,1,2,1,1,1,2,2,5,5,1,3,3,2,2,3,5,2,5,5,3,1,1,5,3,5,5,1,3,1,1,1,2,1,2,1,1,3,3,1,1,1,1,Женский,18,Женский,18,1
4,8bb408384cd06e02ef013518dec1cac0,5,7,5,7,6,3,2,3,3,7,2,2,4,1,1,1,5,4,1,1,2,5,4,1,1,2,4,2,1,5,4,5,2,2,1,4,5,1,1,1,1,4,1,2,4,2,5,2,5,4,1,4,1,2,5,1,4,1,5,2,2,4,4,5,1,4,4,1,4,2,1,2,2,1,2,1,4,1,1,2,5,4,2,1,1,Женский,18,Женский,18,1
5,c4734beeb8a4e9f29ad7dd17edf41bc3,7,6,5,5,5,3,5,4,2,3,1,3,2,2,1,1,2,2,2,1,2,3,2,4,2,2,3,1,3,2,1,1,2,3,1,1,2,1,5,2,1,5,2,1,2,1,5,2,1,3,1,4,2,2,1,1,1,1,2,4,1,4,5,1,1,1,1,2,1,2,1,1,1,1,2,1,2,2,1,1,1,4,2,1,1,Мужской,18,Мужской,18,1
6,1547228995eae31bb7f67b11eb5193bb,6,7,6,7,6,4,5,5,3,4,5,1,2,1,3,4,2,2,1,3,4,4,2,1,1,3,5,1,1,4,1,2,2,2,1,1,4,4,2,1,2,5,1,1,3,1,5,3,1,1,1,4,4,1,4,4,4,4,1,3,5,4,5,2,1,2,2,5,2,1,1,2,4,1,2,3,3,2,1,3,4,3,2,1,2,Женский,18,Женский,18,1
7,7bf6dd75287b0c43f2c8233592f37666,2,2,3,7,6,7,7,4,1,1,4,2,5,1,3,4,1,5,1,2,4,1,4,1,2,4,1,5,1,1,5,1,2,2,1,5,1,2,4,1,5,1,2,5,3,5,1,2,1,1,5,1,1,1,1,3,1,1,1,5,4,1,4,1,1,5,1,1,1,1,5,1,3,2,3,4,1,4,2,4,4,3,2,1,1,Женский,18,Женский,18,1
8,3bbaae667b779d1ee5f93a8cbb486f02,5,4,6,6,6,3,6,6,3,2,5,1,5,1,1,5,1,5,2,2,2,2,3,2,3,3,2,3,3,2,4,2,3,4,2,3,2,4,2,4,3,1,3,2,3,2,2,4,2,5,2,1,4,4,1,4,2,3,3,3,4,2,4,2,2,4,2,2,2,3,1,1,3,2,3,3,2,3,2,4,3,4,4,2,2,Мужской,17,Мужской,17,1
9,4ef11d54ab31eeabec82fe4fe122c552,6,5,6,3,7,2,6,5,5,2,1,2,4,3,1,5,1,2,3,5,1,2,4,3,1,2,2,2,2,2,1,1,2,2,1,2,1,2,4,2,4,2,2,3,2,3,4,2,2,2,4,2,2,3,1,5,1,2,2,1,4,2,1,1,1,4,2,4,4,2,4,1,1,2,3,3,2,2,2,5,4,2,2,2,2,Женский,29,Женский,29,2
10,1d0f1eaefafd37c3581fb06177d00c3a,5,6,6,2,4,4,3,2,5,4,1,3,4,3,2,4,5,3,5,3,2,1,2,4,2,2,4,3,2,5,3,4,3,3,4,3,4,2,4,2,4,4,2,3,2,4,2,2,2,5,3,4,2,4,1,2,4,2,4,3,2,4,2,1,3,3,4,4,4,4,2,2,2,2,3,2,4,3,4,3,4,3,2,4,1,Мужской,17,Мужской,17,1
11,97e0a7d5b464270a8cb3b74e97e75d57,6,5,6,3,7,1,3,3,5,2,1,2,2,4,1,1,1,2,3,3,5,3,2,3,2,2,3,2,3,2,2,2,2,3,2,1,1,1,4,1,1,3,1,4,4,1,1,2,4,2,1,2,2,3,1,1,2,3,3,2,3,2,2,4,3,2,3,2,4,3,1,2,2,4,2,3,3,4,3,3,3,3,2,4,2,Мужской,18,Мужской,18,1
12,f761a45c7270bf3fed920b973dd37dd1,2,6,2,5,6,6,6,6,5,6,3,3,5,5,2,4,2,4,3,2,4,3,4,2,3,4,3,5,4,3,4,2,4,2,2,3,2,4,2,1,2,5,5,1,3,4,5,5,1,1,5,5,3,1,2,4,5,4,1,5,5,5,2,1,3,5,2,5,1,1,5,2,3,1,1,3,2,1,1,4,5,2,3,3,4,Мужской,20,Мужской,20,1
13,03c629fb0372fba411440829896e9738,5,3,6,4,5,4,5,4,4,3,2,2,4,3,2,3,2,4,2,3,3,2,2,2,3,2,1,2,1,1,2,3,2,2,1,2,2,2,2,1,3,4,2,1,2,2,2,2,1,2,2,2,2,3,2,2,3,3,2,4,2,2,4,3,2,2,2,2,3,1,1,1,2,2,3,3,2,2,2,3,3,3,2,1,2,Женский,23,Женский,23,2
14,00f9a74f582892798342c1ba3eb7dbbf,5,6,5,7,7,4,7,3,2,1,1,1,4,1,1,1,1,4,1,4,1,2,2,1,1,1,3,1,2,1,1,1,2,2,1,1,1,2,4,1,1,1,3,1,1,4,2,4,1,1,3,2,2,1,1,2,1,5,2,4,1,1,4,4,1,4,1,5,1,1,1,1,2,1,2,1,2,2,1,1,2,3,4,1,1,Женский,19,Женский,19,1
15,315e7074166a62dd94453f5ac1b894c1,7,1,6,2,7,1,6,1,3,1,1,1,3,4,1,3,2,1,4,1,1,1,2,3,1,2,3,1,4,1,1,1,2,5,1,1,2,2,4,1,1,3,1,4,1,1,2,3,3,1,2,3,1,4,1,1,1,3,3,1,2,1,3,2,1,2,2,1,5,1,1,2,2,2,1,2,2,2,2,1,3,2,2,2,1,Женский,18,Женский,18,1
16,4439ae881873e74ccbd9f0858e2db566,6,6,6,3,6,2,5,3,4,3,2,2,5,3,1,1,3,4,4,3,1,3,2,4,1,1,4,1,3,2,2,3,1,5,1,1,4,1,5,3,1,3,1,4,3,2,5,2,4,3,2,3,1,4,3,1,3,3,4,2,3,2,2,4,2,4,3,1,5,1,3,3,1,4,2,2,3,2,3,2,2,3,2,4,3,Мужской,28,Мужской,28,2
17,0bab4a8b4f5c6d58a82282d9be98bb80,5,6,3,5,5,1,6,4,2,3,1,1,3,5,2,2,5,3,5,1,1,5,4,1,4,1,5,1,4,2,2,1,3,4,1,1,5,2,5,1,5,1,3,4,1,4,1,2,2,1,3,3,2,4,1,2,2,5,3,3,1,1,4,2,1,2,1,5,5,1,2,3,5,1,2,1,1,4,2,1,3,3,3,3,2,Женский,18,Женский,18,1
18,61a7c271b74318e2522f56876dc59ba2,3,6,6,2,5,6,3,6,7,4,4,4,5,4,3,5,2,5,5,3,4,5,2,5,3,4,3,4,5,4,2,2,4,5,2,3,2,4,5,3,5,4,4,3,2,5,4,4,5,1,4,5,5,4,5,3,3,4,2,1,1,4,4,4,4,4,2,3,3,4,2,3,3,4,4,3,5,5,5,4,5,1,3,3,2,Мужской,18,Мужской,18,1
19,2a57c3595a5b5baf8a50173532d6b4e2,5,6,3,5,6,5,6,5,4,3,4,3,4,5,2,3,5,5,1,2,1,4,4,3,1,4,1,5,2,1,5,1,4,5,1,2,1,3,4,1,3,4,3,1,3,5,5,4,1,1,2,5,5,3,2,3,1,2,2,3,5,1,4,2,1,3,1,1,3,1,2,2,2,1,2,2,3,1,1,3,1,3,3,1,1,Женский,18,Женский,18,1
20,4207b5b2872d6cf25e0e0ba3e3039655,7,6,7,4,6,1,7,1,3,2,1,1,1,1,1,5,5,1,5,1,1,5,1,4,1,1,4,1,1,1,1,2,1,4,1,2,1,1,4,2,1,2,2,4,1,5,5,1,1,1,3,5,1,4,1,3,2,2,1,2,2,1,4,1,2,2,2,1,3,5,5,1,3,2,2,3,2,1,2,2,5,2,1,1,2,Женский,29,Женский,29,2
21,e9b13a6fbf5c72ffe872854bea277a19,3,3,5,5,4,6,5,2,5,4,3,2,2,1,3,4,2,2,1,2,3,2,1,2,2,3,1,2,1,2,3,2,2,2,2,2,1,2,1,1,2,2,2,1,4,3,1,2,1,2,3,3,2,2,2,3,2,1,1,3,4,3,1,2,3,3,3,2,1,2,2,2,2,2,4,3,2,2,3,3,4,3,3,1,3,Женский,16,Женский,16,1
22,c9ed4f53ccef41303b089a1db60488c0,7,6,5,4,6,1,3,1,4,2,1,3,5,5,1,4,5,4,2,1,1,4,2,3,1,1,3,2,4,3,1,2,3,5,3,2,5,3,4,4,2,3,1,5,2,1,1,3,3,1,1,3,1,2,1,1,5,4,4,3,1,3,2,3,1,1,1,5,4,2,1,2,4,2,1,1,5,5,1,1,3,3,2,1,1,Женский,18,Женский,18,1
23,41d5b08fbdd5aa069169c6e944e3375c,3,5,7,4,7,4,7,1,3,7,5,5,1,5,1,5,5,1,5,3,3,5,1,3,1,3,4,1,3,5,2,5,3,5,5,3,1,1,2,5,5,5,2,1,5,5,5,2,1,5,5,5,3,4,5,5,5,3,1,3,5,5,2,3,5,1,5,1,3,5,3,2,1,3,4,3,5,2,3,4,1,2,2,2,3,Женский,35,Женский,35,3
24,a3afe5df589077ee877becdaf2e7429c,4,3,7,3,5,5,5,5,6,3,2,1,4,2,1,2,2,2,2,1,2,4,2,3,1,1,2,2,2,1,3,3,4,4,1,4,2,4,3,1,5,4,3,2,1,4,2,1,2,1,5,5,1,2,2,2,4,2,1,4,4,4,1,1,4,5,1,1,1,1,1,4,1,5,4,3,3,4,5,4,4,1,1,1,1,Мужской,19,Мужской,19,1
25,d576936d81cedd0aa450f4fc4515dde2,3,4,4,6,5,7,5,6,3,3,4,3,4,3,3,5,3,5,1,1,3,2,4,1,3,4,2,4,2,1,4,2,4,1,1,3,3,4,1,1,5,5,5,5,2,5,1,5,1,1,5,5,4,1,1,3,5,5,1,3,1,5,4,1,2,5,1,1,1,1,5,2,4,1,3,4,3,5,1,2,2,3,3,2,1,Мужской,18,Мужской,18,1
26,d31ff5776a58fd005096569ae2b55198,7,7,5,6,4,1,4,5,4,4,3,5,4,5,1,2,5,4,3,1,1,4,3,4,1,4,4,1,4,4,2,4,2,4,2,4,2,4,2,4,2,4,2,4,2,2,2,4,2,4,4,4,4,4,2,2,4,2,4,2,4,2,4,2,4,2,4,2,4,2,4,2,4,2,4,2,5,2,4,2,4,2,4,2,4,Женский,17,Женский,17,1
27,d62bc92e66670979a0d41bf1e3ae518b,5,5,6,3,6,2,7,2,4,1,1,3,5,1,2,1,2,2,1,3,1,5,2,3,2,2,3,1,3,1,2,1,1,5,1,3,3,2,4,1,1,1,2,5,1,5,3,2,2,2,4,5,2,4,1,4,3,3,3,4,4,5,2,3,2,3,1,3,3,1,1,2,2,4,3,3,2,3,4,4,3,2,3,1,1,Женский,31,Женский,31,3
28,29da52fbcd2fba08423d0f7ac58d800f,3,6,6,4,6,5,6,4,6,6,5,4,5,2,3,2,5,5,1,4,4,5,1,2,3,1,5,2,1,4,1,3,2,2,4,2,3,5,1,1,5,5,1,1,3,5,1,3,1,2,5,5,3,3,5,5,1,1,1,3,5,5,1,1,3,5,5,5,3,1,5,1,2,2,5,5,4,1,2,5,5,3,2,5,3,Мужской,18,Мужской,18,1
29,07943df118f505122d2c1c99983950d1,5,6,6,3,7,3,2,4,5,1,1,2,4,2,1,2,2,4,2,1,1,3,3,5,1,1,1,1,3,1,1,2,2,5,1,1,2,1,5,1,1,1,1,2,1,1,1,1,1,2,1,3,1,3,5,1,2,5,4,1,1,4,1,1,1,1,1,1,5,1,1,1,4,2,1,1,1,1,1,1,1,2,2,5,1,Женский,18,Женский,18,1
30,788ba4d95a559fa5e366933b68d886c7,5,4,5,4,5,3,5,2,4,2,2,2,3,1,2,3,2,3,1,1,1,2,3,2,5,5,2,2,2,3,4,4,2,5,2,5,2,2,3,1,2,5,2,2,4,2,2,2,1,2,3,3,2,3,4,2,3,2,3,4,3,2,2,3,2,1,2,1,4,1,1,1,1,1,2,2,3,2,2,2,2,3,2,1,1,Женский,18,Женский,18,1
31,34494e676e9e959c026cb65fac2cee0a,7,5,6,4,5,1,4,1,2,1,1,2,4,3,2,1,1,2,2,1,2,3,2,4,4,1,3,2,3,1,3,3,2,4,1,2,1,1,3,2,1,4,2,5,1,2,1,1,1,1,5,3,1,5,2,5,2,5,3,2,5,3,2,1,1,4,1,1,2,4,3,1,1,2,1,2,1,2,2,3,5,1,1,2,2,Женский,18,Женский,18,1
32,394a8ee6709e9b2019da0c03fb8e7df7,7,7,4,1,5,1,5,5,4,7,1,2,5,5,2,3,1,5,5,1,1,5,3,5,3,3,5,1,5,5,1,1,1,5,2,1,5,1,5,1,1,2,1,5,2,1,1,1,5,5,1,5,1,5,5,1,2,1,4,1,1,5,2,2,3,1,2,2,5,1,1,3,1,5,1,1,4,5,5,1,1,3,1,1,2,Мужской,18,Мужской,18,1
33,7f77e81fa90f2e15d04d7c954badf119,4,5,5,6,6,3,7,5,3,1,5,3,5,1,2,3,1,4,1,1,3,5,4,1,1,2,2,1,1,1,1,1,5,1,1,1,1,3,1,1,1,3,5,1,1,5,1,1,1,1,1,5,1,1,1,5,1,3,1,5,4,5,1,1,1,5,1,1,1,1,1,2,1,1,1,1,1,2,1,1,2,1,5,1,1,Женский,16,Женский,16,1
34,659752c1f7a92ecdbaf8e426741973a6,7,4,5,5,7,1,7,3,3,1,1,1,2,3,2,2,1,2,2,2,1,1,1,1,3,3,2,3,2,2,2,1,2,4,2,3,1,2,3,1,2,3,2,4,2,1,2,3,2,2,1,2,1,3,2,3,1,4,2,4,3,2,4,2,1,2,1,2,3,1,2,1,3,2,3,2,1,2,2,3,4,2,2,2,2,Женский,18,Женский,18,1
35,ec25efc361d3e601b3a62f7b7fda3950,3,3,7,1,6,2,5,3,7,5,4,3,2,5,1,5,1,2,5,3,4,4,1,5,3,3,2,1,4,5,3,1,1,4,4,2,1,1,4,1,3,1,1,4,5,1,1,1,5,1,3,2,1,4,5,4,1,3,3,1,4,2,2,2,3,5,4,5,5,4,1,1,1,5,3,2,1,2,5,4,5,3,1,5,5,Мужской,18,Мужской,18,1
36,0f267637931c6ce317f58b4c5abd7282,5,5,3,6,6,5,6,5,3,2,2,1,4,3,2,4,1,2,2,3,3,3,3,2,2,1,1,2,2,1,4,3,1,4,2,3,2,4,1,1,4,2,3,5,2,4,1,2,1,1,4,4,1,2,1,3,2,1,3,5,4,4,4,1,2,5,2,1,2,2,1,2,1,1,4,4,1,3,3,4,4,4,1,3,2,Мужской,17,Мужской,17,1
37,20f60443e694a9bdd5b13a00d9c01f9a,6,5,7,1,6,2,7,3,7,4,2,1,1,3,1,3,1,2,4,3,2,1,1,4,3,3,4,1,3,5,4,1,2,5,1,3,1,1,5,2,1,1,2,3,2,1,1,2,4,2,2,2,2,4,1,2,2,3,3,2,3,2,1,2,2,1,3,2,4,2,3,1,2,5,3,3,1,1,5,5,5,3,2,5,3,Мужской,18,Мужской,18,1
38,252966e286e0335480fa025ab00cd428,2,5,4,6,5,7,2,3,3,4,4,5,3,1,1,3,4,3,1,5,2,3,4,2,1,1,4,1,4,1,4,5,3,3,2,5,3,4,2,1,5,3,3,1,5,5,1,2,1,3,5,5,4,1,1,4,4,4,1,3,4,1,3,1,5,5,2,3,2,5,5,2,1,1,4,4,4,1,1,2,5,3,1,4,1,Мужской,18,Мужской,18,1
39,4c809f081c228f47021a5c34d081bbbb,5,6,6,6,4,4,5,3,2,6,2,1,5,1,2,2,1,5,1,3,1,2,2,1,3,3,1,3,1,1,3,1,3,1,1,1,4,2,1,1,4,4,2,1,1,3,3,1,1,1,1,4,2,1,4,4,2,1,1,3,4,3,5,4,1,3,1,1,1,3,1,1,1,1,4,3,1,3,1,1,1,2,2,1,1,Женский,18,Женский,18,1
40,059efa3a726448eb1570e18fa3bd8b76,7,6,7,1,7,1,7,4,7,1,4,1,5,2,1,2,1,5,3,1,1,1,2,3,2,1,4,1,3,1,2,1,1,4,1,2,3,2,5,1,3,3,1,1,1,1,1,2,3,1,3,5,1,3,1,1,3,1,4,1,3,1,4,3,1,3,1,5,5,1,2,1,3,1,1,1,3,3,2,5,3,2,2,1,2,Женский,17,Женский,17,1
41,2aba12cbcae7c5e6f3494ba3f248d417,2,5,5,1,2,7,5,5,2,6,1,4,4,2,4,1,2,4,1,4,2,4,2,2,3,4,1,5,1,2,5,1,1,3,2,4,2,1,1,2,5,2,2,1,2,5,1,2,1,1,5,4,1,2,4,1,2,1,2,1,5,1,1,1,2,5,2,2,1,1,1,1,1,1,5,3,2,2,1,5,4,2,2,2,2,Мужской,18,Мужской,18,1
42,693687f5e207030e4a33818827a558a4,5,3,6,2,6,3,4,3,4,3,2,1,2,5,2,2,1,2,1,2,1,1,2,3,3,4,1,2,3,1,1,1,1,1,2,1,1,2,3,1,1,5,1,1,1,2,1,2,3,1,4,1,1,4,1,5,1,3,2,1,4,1,1,1,3,2,2,5,5,1,2,1,1,5,3,1,1,4,4,5,5,4,1,2,1,Женский,18,Женский,18,1
43,c006d469adc268cb128a0fcb92aedc76,4,5,7,6,7,6,6,5,7,4,5,2,1,1,1,1,1,2,1,4,5,2,2,1,2,2,1,3,1,1,2,2,1,1,1,3,2,2,1,1,5,1,2,1,2,3,2,1,1,1,5,3,2,1,1,5,2,2,1,2,3,4,1,1,2,2,3,1,1,2,1,2,3,1,5,3,2,3,1,5,3,1,2,1,1,Мужской,19,Мужской,19,1
44,44feaecffaed8705b2737020bdb6febb,6,5,2,6,6,6,7,6,1,1,1,1,4,1,1,5,3,4,1,1,3,1,1,1,3,3,2,1,1,1,1,1,5,1,1,3,3,5,1,1,2,5,5,1,1,3,5,5,1,1,4,5,5,1,2,3,1,4,1,5,1,1,5,1,1,5,1,3,1,1,1,1,1,1,1,2,4,2,1,3,4,2,5,1,1,Мужской,18,Мужской,18,1
45,8e388565ed973b84785a861ff459d67a,5,7,5,2,6,2,3,4,7,3,1,5,5,4,1,1,5,5,4,3,1,1,2,5,1,3,5,1,5,2,2,3,2,5,3,2,5,2,4,1,1,3,2,5,3,5,1,1,3,1,3,5,1,3,1,1,5,5,4,1,3,4,1,1,5,2,5,5,4,4,2,2,3,4,2,1,5,2,4,3,5,3,2,5,1,Женский,19,Женский,19,1
46,33a5ec9c05e4338e84daa7d7aab709a9,3,7,7,1,7,2,7,2,7,1,1,1,2,5,1,5,5,3,5,5,3,4,1,4,5,3,4,1,4,1,3,4,4,2,1,2,1,4,2,1,2,5,1,4,2,2,1,4,4,5,4,4,1,4,2,5,4,1,4,1,5,2,1,4,2,4,4,1,4,1,2,2,1,4,2,2,3,1,4,2,4,2,2,4,2,Женский,18,Женский,18,1
47,6529ba48262640209575ebd3eb330dcb,5,7,4,3,5,4,5,2,4,1,4,3,4,2,3,4,5,5,5,1,5,4,3,1,3,3,5,4,3,1,4,2,5,5,1,5,1,4,4,1,3,5,1,1,3,5,1,2,1,1,4,5,3,1,1,3,5,5,3,1,3,5,1,5,1,5,3,5,1,1,1,1,5,1,1,3,5,5,1,3,4,3,5,5,3,Женский,21,Женский,21,2
48,e3e68c82811b6796853d663eb19c75d8,5,2,3,1,4,5,6,5,5,3,1,2,5,4,2,3,1,4,1,1,3,4,4,3,4,3,1,1,2,2,4,2,2,4,2,3,2,4,2,2,2,4,1,3,4,2,3,1,4,3,1,5,2,4,2,4,2,2,2,4,3,3,3,3,3,3,3,2,2,3,2,2,4,1,3,1,1,5,2,3,4,5,2,4,1,Мужской,17,Мужской,17,1
49,d522b20a834749b0d6bca3c027b87ccc,1,7,5,1,7,7,5,1,7,7,5,1,1,1,1,5,1,1,1,5,5,1,1,5,1,1,5,1,5,5,1,1,1,5,5,5,5,1,5,5,5,5,3,5,1,5,1,1,5,1,5,1,1,5,1,3,1,1,5,1,5,3,1,2,5,5,1,2,5,5,1,1,1,5,5,3,2,1,5,5,5,3,1,5,5,Мужской,20,Мужской,20,1
50,41dc19ff15daf7cdd1b9b4265f3ee50f,6,4,7,6,7,3,5,2,3,4,4,1,1,2,2,2,4,3,1,4,2,1,1,1,3,1,3,4,1,2,4,1,1,3,1,4,1,2,1,1,5,5,2,1,3,5,1,3,1,5,5,5,1,1,5,3,5,1,1,5,4,5,5,1,2,5,5,1,2,1,1,2,1,3,3,3,1,3,3,1,1,2,2,3,1,Мужской,17,Мужской,17,1
51,c950c394b15b599f090400a8c7e34b04,7,5,3,4,7,5,5,6,6,3,3,4,2,4,1,3,5,2,1,1,1,5,5,3,3,3,2,2,4,1,3,2,5,3,3,5,3,5,5,1,5,3,4,1,1,5,1,5,1,1,3,5,5,3,1,5,3,5,1,1,1,5,5,1,1,3,1,3,1,1,1,1,3,1,1,1,3,3,3,5,2,1,5,3,4,Женский,17,Женский,17,1
52,9f688fa8f899204fc6ef1bb22cbb0ea8,3,1,5,7,5,7,7,2,1,1,4,1,4,1,1,2,1,4,1,2,5,1,4,1,2,4,1,5,2,1,4,1,3,1,1,5,1,4,3,1,5,1,3,5,4,5,1,3,1,1,5,1,2,1,1,4,1,2,1,5,5,1,5,1,1,5,1,1,1,1,5,1,3,1,4,4,1,4,1,4,3,3,4,1,1,Женский,18,Женский,18,1
53,6123312f3c5a97dacaf3e99b2a857939,7,7,3,5,7,5,6,5,6,4,2,1,5,1,1,2,1,1,1,3,3,1,4,3,1,3,1,3,1,1,3,1,3,1,1,3,1,2,1,1,5,1,1,1,1,3,1,1,1,1,5,1,1,1,1,5,1,1,1,1,1,1,1,1,1,5,1,5,1,3,5,1,1,1,5,1,1,5,3,5,5,1,5,1,1,Мужской,21,Мужской,21,2
54,2e30bbeb67b3ed55f5272f79ff7370cc,1,2,4,4,3,6,2,2,2,6,4,3,3,3,2,3,2,3,2,2,3,1,3,2,2,3,2,2,1,3,3,1,2,1,2,4,1,1,2,1,5,1,1,1,3,4,1,3,1,1,5,3,1,1,3,1,1,3,1,3,3,1,2,1,2,5,1,2,1,1,5,1,3,1,3,5,2,3,1,3,5,2,2,2,3,Женский,18,Женский,18,1
55,21dc986acab47e3d0415c66255011fa9,5,6,7,7,5,6,6,1,4,1,1,1,3,1,2,1,1,3,1,2,2,1,1,1,2,1,5,1,1,1,2,1,1,2,1,1,1,1,2,1,1,5,1,1,2,1,5,1,1,1,3,5,5,1,1,5,1,1,1,5,5,1,1,1,1,3,1,1,1,1,5,1,1,1,1,1,1,1,1,1,5,1,1,5,1,Мужской,18,Мужской,18,1
56,f9e471857b6002a34ed391e406153164,4,7,6,1,7,5,1,1,4,7,1,5,5,1,1,3,5,5,5,5,3,1,1,5,5,1,5,1,5,5,1,5,1,5,5,1,5,1,1,1,5,5,1,1,1,5,5,1,1,5,5,5,1,1,5,1,5,1,1,1,1,5,1,1,5,5,5,1,1,5,5,5,1,1,5,1,5,5,1,5,5,5,1,3,1,Мужской,18,Мужской,18,1
57,10e5edfc0d605bdd8adfd6adc0fc7466,5,7,6,4,6,4,6,2,3,1,2,1,3,2,1,3,1,5,1,2,1,2,1,3,1,3,5,1,4,1,3,2,2,4,1,2,4,1,4,1,3,1,1,3,1,3,5,1,1,1,3,1,1,1,1,3,1,5,1,3,3,1,1,1,1,3,1,5,3,1,4,2,3,3,4,2,1,3,2,2,5,3,1,1,1,Женский,18,Женский,18,1
58,3158228e7b85ea8ee0c01c6c6f43d399,7,5,7,4,6,1,6,2,5,5,2,1,5,2,4,2,1,5,2,3,2,1,1,2,1,3,4,1,2,5,3,2,1,5,4,3,4,1,2,1,1,2,1,2,1,1,5,1,1,3,1,2,1,3,3,4,1,1,2,2,5,2,2,1,2,5,1,1,5,1,1,2,1,2,5,1,1,2,3,2,1,3,1,2,1,Женский,19,Женский,19,1
59,f029f6db5fdfb0f80b80753dec144e95,7,7,5,1,3,2,2,2,6,3,1,5,2,3,1,3,5,1,5,1,1,1,1,5,1,1,5,1,5,1,1,5,1,5,3,1,5,1,5,3,1,5,1,5,1,1,1,1,5,1,1,5,1,4,1,1,5,3,3,1,1,5,1,1,5,1,1,1,5,1,1,2,3,3,1,1,4,3,3,1,2,3,2,5,1,Мужской,18,Мужской,18,1
60,921cdb5227c64a82c396680673ca86b7,5,4,6,3,5,2,6,2,5,6,4,2,4,2,3,3,1,3,1,1,4,1,2,2,4,2,3,2,2,1,2,2,2,4,1,2,1,2,1,1,2,5,1,1,1,1,1,2,1,5,3,3,2,3,1,3,1,2,1,3,2,2,3,3,1,5,4,1,5,2,2,1,3,2,3,3,2,2,3,5,4,3,5,1,1,Женский,29,Женский,29,2
61,02ef12d595267b429f4d8534ac7ba950,7,6,7,3,5,4,5,5,5,5,5,1,1,5,1,5,2,3,3,5,1,5,1,5,3,1,1,1,3,5,1,3,1,3,3,3,5,3,5,3,5,3,1,3,3,5,1,1,3,5,1,1,1,5,3,5,5,3,3,1,5,2,5,5,3,3,1,5,3,5,2,3,5,1,5,5,5,3,5,5,5,1,1,5,1,Мужской,18,Мужской,18,1
62,8d57e4875674dc943a00e6bc965cca94,5,3,5,5,4,3,6,2,6,3,3,1,2,3,3,4,2,3,1,5,2,2,3,1,2,2,2,3,3,3,2,2,3,2,3,1,2,3,2,2,4,4,2,2,3,4,4,3,2,4,4,4,2,3,1,3,2,2,3,2,3,2,2,3,1,4,2,2,4,2,4,2,3,3,3,3,3,2,3,4,4,2,3,3,3,Женский,51,Женский,51,5
63,6d10988b737363935fd79dc354bc9802,4,7,6,6,4,1,5,3,2,1,1,2,5,1,3,2,1,5,1,3,1,3,3,1,1,2,5,3,2,5,1,1,3,3,1,1,5,1,1,1,3,4,1,1,3,3,1,1,1,5,5,5,1,1,1,2,1,1,1,1,5,3,5,1,1,5,1,5,1,3,1,1,3,1,1,3,2,5,1,5,3,4,1,2,1,Мужской,19,Мужской,19,1
64,42ac8e7d313b63c3c38aa529d115728d,5,5,3,2,6,3,6,6,2,3,2,1,5,1,1,1,3,4,2,2,1,3,3,2,2,1,3,2,1,2,2,2,3,2,1,2,4,3,2,1,2,5,3,2,1,3,4,2,1,1,2,5,2,2,1,2,1,1,3,2,2,3,2,2,2,1,1,1,4,1,4,2,1,1,3,2,2,4,2,3,2,2,2,1,3,Женский,17,Женский,17,1
65,382256d33e809caef6efb726d4534803,3,4,4,6,5,6,6,5,2,1,5,2,5,1,2,3,1,5,1,3,3,4,3,2,2,4,1,4,2,2,3,2,4,2,2,3,2,4,2,1,3,2,2,1,2,4,1,4,1,1,4,4,3,2,1,4,2,2,1,2,4,3,4,2,1,5,1,4,1,2,3,2,4,2,3,3,3,4,2,3,2,2,4,2,2,Мужской,18,Мужской,18,1
66,be8048a52527ff0ab932f9275025dcbf,3,3,4,3,6,3,6,6,5,3,1,1,5,3,3,5,3,5,1,1,3,5,3,1,1,1,3,4,1,1,3,2,5,3,1,3,3,5,2,1,4,5,2,1,1,5,5,5,1,1,3,5,5,1,1,5,5,2,3,4,1,5,4,3,3,3,5,5,1,1,1,1,1,1,3,4,3,5,3,3,3,4,3,5,1,Мужской,18,Мужской,18,1
67,5f7b02253ef1d32f270544962d50737d,6,3,5,6,5,2,5,2,5,5,1,2,3,4,2,3,2,2,4,2,2,3,2,3,3,2,4,2,2,4,2,1,2,4,2,1,2,2,2,4,2,4,1,4,2,1,1,2,2,2,1,4,2,4,1,2,2,1,2,1,2,1,2,2,1,1,2,2,2,2,2,1,2,1,2,2,2,2,4,2,5,2,2,2,2,Женский,18,Женский,18,1
68,6707ba486ab4ddf80f806bdc291079a6,4,2,4,5,4,3,6,4,3,1,3,1,4,3,2,3,2,4,2,3,1,3,3,1,2,3,3,2,2,1,2,1,3,1,1,2,1,2,2,2,3,1,3,1,1,3,2,4,2,2,2,4,4,1,1,3,2,3,1,4,3,3,2,2,1,3,1,1,2,1,2,1,4,1,2,2,1,4,1,2,2,3,4,1,2,Женский,18,Женский,18,1
69,1840ea816a405e57ff8b401b61d43344,5,6,6,3,6,4,5,2,5,3,1,2,3,2,2,2,2,4,3,2,4,4,2,3,2,2,2,1,1,1,4,1,2,4,1,4,2,1,1,1,4,5,2,4,1,2,5,2,1,1,4,5,2,3,4,5,1,1,3,1,5,5,1,1,1,3,2,2,5,2,3,1,1,3,4,3,2,1,4,4,3,2,2,4,2,Мужской,18,Мужской,18,1
70,6679cf1e2ddad76297e8178b12ff501e,6,5,4,4,4,6,5,4,5,4,2,2,5,2,2,5,2,4,2,4,4,2,2,3,3,4,2,3,2,4,4,2,3,2,4,5,2,4,2,2,5,4,3,2,3,5,4,4,3,5,4,4,3,3,4,3,2,4,1,3,4,4,2,3,3,4,2,2,3,4,4,1,3,3,4,5,2,4,3,4,5,3,3,3,3,Мужской,18,Мужской,18,1
71,4572fec25fb9124628bb50eb5b390ba4,7,6,6,2,6,1,7,6,7,1,1,1,3,4,2,2,1,3,5,3,2,2,2,4,1,1,3,1,5,3,1,1,1,3,1,1,5,2,4,1,3,5,1,4,1,5,2,4,4,1,2,5,2,4,1,3,1,1,2,1,5,2,1,2,2,1,2,1,5,1,1,2,2,2,3,1,1,5,4,3,2,5,2,5,1,Мужской,17,Мужской,17,1
72,a46434b57d6f2bc41022a3dd49c77693,1,5,5,2,4,7,6,3,7,1,5,2,3,2,5,5,2,4,4,5,5,4,1,4,2,1,4,3,2,1,2,2,4,2,1,2,3,5,3,1,5,2,2,2,3,5,4,4,1,5,5,5,2,3,2,5,3,1,5,1,5,5,1,4,5,5,3,1,5,1,3,4,1,5,3,3,3,1,5,5,5,3,2,4,5,Мужской,18,Мужской,18,1
73,c967ac6764822c98ae265155b4c9e623,6,5,7,3,5,2,7,1,5,1,4,1,4,2,2,4,3,2,1,1,1,3,1,3,3,2,1,1,3,1,1,1,1,3,1,1,1,1,5,1,2,3,1,3,1,2,2,2,2,1,2,5,1,3,1,1,1,3,2,1,5,2,1,2,1,3,2,5,4,1,1,1,2,1,2,1,1,2,1,1,3,2,2,1,1,Женский,18,Женский,18,1
74,8ad86ab361162ed63fa4535e195d4197,5,6,3,7,5,2,7,4,1,5,4,1,5,1,1,3,1,4,1,1,1,2,2,3,3,3,3,3,3,1,4,1,3,2,1,4,1,3,5,2,1,1,3,1,4,5,1,3,1,1,2,5,3,2,2,5,1,5,1,2,1,2,4,1,3,2,1,5,1,5,1,1,3,1,3,5,3,5,1,1,4,3,5,1,1,Женский,18,Женский,18,1
75,3be4bb009523ce27e729c07fbcc9b8e8,3,4,6,2,6,2,5,2,4,3,5,4,4,4,2,4,3,3,2,3,3,2,2,3,2,2,3,2,3,2,2,3,3,4,3,2,2,2,4,2,3,2,2,3,4,4,5,4,3,3,3,3,2,3,2,3,2,2,4,2,4,4,2,2,2,2,2,4,4,2,3,2,2,3,3,3,3,3,3,4,4,2,2,3,3,Женский,52,Женский,52,5
76,72e73d37e0e660670388d1a1d0af8e59,7,5,7,4,4,7,7,2,3,6,1,2,3,4,5,5,1,4,1,1,4,5,3,1,4,1,1,3,2,5,4,1,2,2,4,4,1,5,1,2,2,2,2,1,5,2,1,4,1,5,5,5,2,1,5,5,5,1,2,1,3,1,2,2,5,5,4,5,4,1,1,1,2,1,3,3,1,2,1,1,4,2,4,2,4,Мужской,18,Мужской,18,1
77,d2a16b773f50dff899909d026e39cec2,3,7,7,7,7,7,4,1,1,1,5,3,5,5,3,1,5,5,1,1,5,5,1,2,5,3,5,1,1,1,5,5,1,1,1,5,5,5,1,1,5,5,3,1,1,5,5,5,1,1,1,5,1,1,1,5,5,5,5,1,3,3,3,3,3,4,2,4,1,1,3,1,1,2,1,5,2,1,1,1,3,5,5,3,1,Мужской,19,Мужской,19,1
78,e4a718d5f435e17a32bcae9c45078923,7,7,6,4,5,2,4,4,5,1,1,2,1,4,5,1,1,1,3,1,1,1,3,3,3,2,4,3,4,1,1,1,1,5,3,1,3,3,5,1,1,5,1,3,1,1,1,1,1,1,1,3,1,3,1,3,1,1,3,1,1,1,1,1,1,1,1,1,3,3,1,1,1,1,1,3,5,5,1,1,1,1,1,5,1,Мужской,18,Мужской,18,1
79,37265f6c96f870c6a4c7effd3212b83b,6,4,4,3,5,2,6,6,6,2,1,1,2,3,1,1,1,2,3,2,2,2,3,4,4,2,2,1,4,1,2,1,2,3,1,2,1,1,3,2,1,1,2,3,1,2,1,2,2,1,1,1,1,3,2,1,1,2,3,1,3,1,2,1,1,1,1,2,3,1,2,1,1,4,2,1,1,1,3,2,2,2,3,4,1,Мужской,18,Мужской,18,1
80,5783df67d561c7166d06fe967aa5b689,3,4,5,3,4,5,6,3,6,3,1,2,2,3,3,4,2,4,3,2,3,4,3,4,4,3,4,3,2,3,3,2,3,3,2,2,1,2,2,1,2,3,3,2,2,3,2,3,1,2,2,3,3,3,1,3,2,3,1,1,3,1,1,2,1,1,2,1,2,2,2,1,3,1,3,1,2,2,3,3,3,3,3,2,2,Женский,18,Женский,18,1
81,1cf0e2dab2cfa230a8297f94878ef340,5,5,7,5,6,5,6,5,4,1,2,1,3,2,1,2,1,3,1,1,2,1,1,2,1,2,2,1,3,1,2,2,3,4,1,2,4,2,3,1,2,3,1,1,1,5,3,2,1,1,5,5,1,4,1,3,1,1,2,1,3,4,2,5,1,4,1,3,5,1,1,1,1,1,1,1,1,2,1,3,2,2,3,3,2,Мужской,17,Мужской,17,1
82,8ad870e05d4415fc10c9e4124ab42393,5,3,7,5,5,5,5,2,3,4,3,4,5,2,2,1,5,5,1,1,3,4,2,2,2,3,1,3,1,2,3,3,2,5,1,3,5,1,1,1,4,5,1,1,3,3,1,2,1,1,3,5,2,2,1,4,3,5,1,1,5,3,2,1,1,5,2,1,1,1,3,2,1,1,3,3,3,2,1,3,5,3,2,1,2,Женский,28,Женский,28,2
83,a0281580287196028b7390e58b21b127,4,6,3,6,5,3,4,6,3,2,4,4,4,4,3,2,5,5,1,1,3,5,3,1,1,2,5,4,1,4,2,2,4,4,2,2,4,3,2,2,4,4,3,4,1,1,2,2,2,2,2,4,2,3,2,3,5,5,1,4,2,4,4,4,4,1,5,5,4,4,1,3,4,1,1,3,5,5,1,2,2,4,3,3,2,Мужской,29,Мужской,29,2
84,358024bdb3c1746c20309e09596379dc,5,7,4,5,7,5,4,3,4,2,1,1,1,3,1,5,1,2,2,3,2,4,3,4,2,1,5,1,3,5,2,5,2,5,1,1,2,2,5,2,2,5,1,3,1,1,5,1,1,1,3,3,2,3,3,1,2,2,3,3,3,3,1,1,5,3,3,1,3,3,1,1,1,2,2,4,3,1,1,1,3,3,3,4,1,Мужской,18,Мужской,18,1
85,5f0131ae1a0a10cbc351c9a43c646ffe,7,7,7,5,7,1,7,1,4,1,5,1,5,2,1,5,5,5,1,3,3,5,1,3,3,1,1,3,4,1,1,3,1,5,1,3,1,1,3,1,1,1,1,1,1,1,1,1,1,3,1,3,1,3,1,3,3,3,5,1,5,3,4,5,1,5,3,1,5,3,1,1,3,1,2,1,1,1,1,3,3,3,5,3,1,Женский,32,Женский,32,3
86,d9a5e6c28531315d29a251974dadec93,5,5,5,2,6,3,3,3,6,5,2,3,4,2,1,5,2,3,3,4,3,2,2,4,4,3,5,2,3,3,4,1,3,5,1,3,2,4,5,2,4,3,3,3,2,4,2,3,2,2,4,4,2,1,2,4,4,2,3,2,3,3,2,2,3,2,3,1,3,5,3,1,2,3,4,3,1,1,5,4,4,3,2,3,1,Мужской,20,Мужской,20,1
87,9795dda70b168c0cff2b936430a94ca5,7,5,6,6,3,1,7,1,5,4,1,2,3,4,2,1,3,3,5,1,1,1,3,3,1,4,4,1,5,5,1,4,1,2,1,1,2,1,5,1,3,5,1,4,2,1,5,1,1,3,1,1,5,3,5,3,1,1,1,1,5,1,1,3,2,3,1,3,5,3,4,2,2,1,1,1,1,1,1,1,5,1,1,5,5,Мужской,18,Мужской,18,1
88,2199c0d8f3bda6816947b64633766cc9,6,5,6,2,7,1,6,2,6,5,1,1,1,4,1,2,1,2,4,2,2,2,2,4,2,1,4,1,5,3,1,1,2,5,1,1,2,2,5,1,1,1,1,4,2,4,3,1,4,2,4,5,1,4,2,3,3,4,4,1,3,4,2,3,1,3,2,3,4,2,1,1,2,3,1,1,3,1,3,1,3,2,1,2,1,Мужской,18,Мужской,18,1
89,6a7ca196fa14fd44a973304dc427acda,7,7,7,4,7,1,4,1,4,1,3,1,1,1,1,1,1,1,1,5,1,1,1,5,1,1,5,1,5,1,1,1,1,5,1,1,5,1,5,1,1,5,1,5,1,1,5,1,1,1,5,5,1,2,2,1,2,1,5,1,5,4,5,1,2,1,1,5,5,1,1,1,1,2,1,1,5,5,2,5,5,4,1,1,1,Женский,19,Женский,19,1
90,47d6fbcd4d1116f15fa7a652ebb9f50a,4,7,1,2,6,6,2,6,7,6,2,5,5,4,1,5,4,5,5,3,5,5,5,5,1,5,4,1,5,5,1,1,5,3,1,1,2,4,5,1,1,3,5,3,2,5,1,5,4,3,5,5,1,4,1,4,5,4,2,1,1,5,1,5,5,5,1,5,1,1,3,3,4,5,1,5,5,4,5,3,5,1,5,5,3,Мужской,20,Мужской,20,1
91,fac5bb007265cd659ac35dfd7c48344b,3,5,3,5,3,2,4,3,4,3,5,5,5,1,1,5,5,5,1,5,5,4,5,2,3,3,4,3,2,5,5,1,5,2,1,3,1,5,1,1,1,5,5,1,3,5,1,3,1,1,3,5,3,1,1,1,2,1,2,5,5,2,5,1,2,2,3,5,3,3,1,1,3,1,3,3,3,5,1,5,5,3,5,2,1,Мужской,22,Мужской,22,2
92,d03c4d1766096400d0c32af61438e8e7,5,3,4,5,7,4,7,1,4,1,1,1,1,1,1,4,1,2,1,1,3,1,3,1,1,2,2,1,4,1,4,1,4,3,1,3,1,3,5,1,1,5,1,1,3,1,4,1,1,1,5,4,1,2,1,1,1,3,2,5,3,1,5,1,1,2,1,3,1,1,1,1,2,1,1,2,1,3,1,2,3,1,5,1,1,Женский,17,Женский,17,1
93,c3f346a0ce3be12c556c34ca695cd030,5,5,3,3,6,1,6,5,3,5,1,1,4,3,2,4,4,5,2,3,1,2,4,2,2,1,2,1,2,1,3,2,4,2,2,2,2,5,4,2,1,2,4,4,2,2,1,4,1,2,2,4,4,2,1,3,1,4,3,2,4,4,4,4,2,3,2,2,4,3,2,2,2,4,3,1,2,3,3,3,4,3,3,2,1,Женский,21,Женский,21,2
94,cff1738890622bc2b4663e473894ca2a,5,6,5,1,6,3,1,1,7,3,4,1,1,1,5,5,3,4,5,5,3,1,1,5,1,1,5,1,5,1,3,5,2,5,5,2,5,5,5,3,5,3,2,3,1,5,5,1,5,5,5,5,1,5,5,5,5,5,5,1,5,5,1,5,5,5,5,1,3,4,1,5,3,5,3,3,5,5,5,1,4,5,1,5,1,Мужской,18,Мужской,18,1
95,23fb62d2ff584b5221bbaf0f9af2c79e,2,5,5,6,5,7,4,2,2,3,4,3,4,1,2,3,2,3,1,2,2,1,3,1,2,4,2,2,3,2,4,3,2,5,2,4,2,1,4,2,1,2,1,1,2,5,3,2,1,1,5,3,1,2,2,3,1,1,1,1,4,2,3,1,2,5,1,1,1,4,4,2,2,1,3,3,3,4,4,4,5,1,2,2,2,Женский,26,Женский,26,2
96,20f24aa1c279beaeb0788d901d0f9dc3,7,1,4,1,7,1,5,2,6,2,1,1,5,1,1,5,1,5,1,1,3,5,3,5,1,1,1,1,1,3,1,1,3,5,1,1,1,1,5,1,1,1,1,5,3,1,1,3,3,1,1,3,1,4,1,1,1,3,3,1,3,4,2,5,2,1,4,1,5,1,1,1,5,5,1,1,1,5,3,1,1,1,3,3,1,Мужской,19,Мужской,19,1
97,6b51b9fa36f5b058064965f3db6e972b,4,7,6,7,7,4,7,5,2,2,1,3,3,4,2,2,2,3,2,2,2,4,3,2,2,2,4,1,3,2,3,1,3,1,1,3,2,3,3,2,2,3,2,1,4,3,3,1,2,2,3,2,4,1,1,4,2,3,1,1,1,3,4,3,3,3,1,5,1,3,3,1,1,1,2,4,4,3,1,2,3,2,2,1,2,Женский,18,Женский,18,1
98,a2122d39bb08630414414cf291deead2,4,5,6,5,5,6,5,5,7,3,3,3,4,3,2,5,3,4,2,4,3,5,1,3,2,3,4,2,3,5,3,2,2,3,4,3,3,3,3,1,1,4,2,5,2,5,4,2,2,1,5,5,1,2,3,3,2,2,2,2,4,2,2,3,3,4,2,1,2,1,5,2,1,2,3,3,3,2,2,2,5,3,3,4,2,Мужской,18,Мужской,18,1
99,d77b8b84fd3beae88e1622a6fd263f3c,6,5,6,3,5,2,5,6,2,5,4,2,5,1,3,3,3,3,3,2,2,2,1,2,2,3,5,1,3,5,1,2,1,4,1,3,1,2,3,3,2,4,2,2,3,1,1,4,1,3,2,2,1,4,3,3,2,2,3,3,3,3,3,3,2,2,1,1,3,3,2,4,2,3,4,2,3,1,4,1,3,2,2,5,2,Женский,18,Женский,18,1
100,76e0e2e040f91b7df7e0bd27d228f65e,4,4,7,1,5,5,2,6,7,1,1,5,5,5,5,5,5,5,5,1,3,3,5,5,5,1,5,1,5,5,1,5,5,5,1,1,1,5,5,1,5,5,1,5,1,5,5,5,5,1,5,5,1,5,3,3,5,5,5,3,3,5,1,5,5,5,3,5,5,1,5,1,5,5,5,1,5,5,5,1,5,4,5,5,1,Мужской,17,Мужской,17,1
101,88d44b94ff3e10e0634b7f4b726750ce,5,5,3,6,4,2,5,3,2,4,1,1,2,2,3,3,2,2,2,3,3,2,3,1,3,3,2,3,1,3,3,3,3,3,2,3,2,3,2,2,2,4,2,3,2,2,1,4,2,2,2,4,3,1,4,3,3,2,2,4,4,1,4,2,3,4,3,4,4,4,2,3,3,1,2,1,2,4,1,4,2,3,3,1,3,Женский,17,Женский,17,1
102,11752f06e90c65913b6b6088fd6cc8f9,6,7,7,1,7,5,5,1,7,1,3,1,1,3,2,2,4,3,2,5,4,1,2,5,2,2,5,1,4,3,2,3,1,4,4,2,5,1,4,1,4,3,1,5,1,5,1,1,5,5,3,5,1,4,1,4,5,5,5,1,5,5,1,3,3,5,1,1,5,2,4,3,1,5,2,3,5,4,5,2,4,4,1,5,3,Мужской,18,Мужской,18,1
103,bff78a4a8cb50a584299cc0743bea808,4,3,5,3,5,5,6,3,6,2,1,3,4,3,1,3,2,3,3,2,3,2,2,2,2,1,3,1,3,2,3,3,2,3,1,3,2,2,3,2,3,4,3,3,1,2,2,1,2,1,4,4,2,3,2,2,2,2,3,4,3,3,2,5,2,2,2,4,2,2,2,1,3,4,3,2,2,4,4,3,3,4,2,4,2,Женский,18,Женский,18,1
104,cf2ddeae8b6abf25f906df2abfb476c4,6,5,6,3,6,2,4,2,4,2,2,1,2,2,2,3,2,2,2,3,3,1,2,2,1,1,5,1,3,3,1,1,2,5,2,1,4,1,5,2,1,3,1,3,2,2,3,1,2,2,3,2,1,2,2,2,2,4,5,4,2,4,4,1,2,3,2,1,2,2,1,2,1,2,2,3,5,2,2,3,4,4,2,4,2,Мужской,19,Мужской,19,1
105,20d5dfce9a500ab6b6fd0d9ea25553f8,6,6,7,5,5,2,5,2,3,4,1,3,2,2,1,1,1,2,1,1,1,4,2,1,1,3,4,1,2,4,3,3,1,2,1,2,4,1,3,1,4,4,2,1,3,4,1,1,1,1,4,4,1,1,4,3,2,1,1,3,3,4,4,1,2,5,2,3,1,1,3,2,1,1,3,5,2,1,1,3,5,3,2,2,1,Мужской,18,Мужской,18,1
106,ef1c4c5afc119d82448faf0d17f0042f,1,6,6,6,4,7,3,1,1,1,5,5,5,1,4,4,5,5,2,5,4,5,2,1,3,5,4,3,1,5,4,5,1,1,2,5,1,1,1,1,5,5,1,1,1,5,5,5,1,1,5,5,1,1,1,5,5,3,1,5,5,5,1,1,2,5,1,1,1,1,3,1,1,1,1,1,1,5,1,3,1,5,3,1,1,Женский,16,Женский,16,1
107,75778bb594faec549ef5ed98cfc96731,7,7,5,3,7,1,7,6,5,4,1,1,5,3,1,1,1,5,5,1,1,5,2,4,1,1,5,1,5,1,1,1,4,4,1,1,5,3,5,1,1,1,1,5,5,1,1,3,4,1,1,1,1,5,3,1,1,1,4,1,1,1,5,1,1,5,1,5,4,1,1,1,5,2,1,2,1,5,2,1,3,5,3,4,1,Женский,17,Женский,17,1
108,af18215963de4fa82e653c47c1399271,5,6,4,7,6,3,6,4,4,6,4,2,2,2,2,1,1,2,2,4,2,4,2,3,4,2,2,2,3,2,4,2,2,4,2,3,2,2,1,2,3,3,3,2,4,1,1,3,1,3,2,3,2,2,3,5,1,3,2,2,3,2,3,2,2,3,1,1,2,3,2,3,3,2,4,5,1,2,2,2,3,3,2,2,2,Мужской,17,Мужской,17,1
109,5d71f4559690f0d87f42838da8906eff,4,7,6,2,7,2,4,1,7,7,5,4,5,3,2,4,5,5,5,5,3,2,3,3,3,1,3,2,4,3,2,4,2,4,3,3,1,1,4,3,4,4,1,5,2,4,4,1,3,3,5,5,1,4,1,3,4,2,4,3,4,3,1,3,3,5,2,5,2,3,5,3,2,4,3,3,3,4,4,5,5,1,3,3,2,Женский,41,Женский,41,4
110,cd2279623f8fdc636efdf06d64181e11,7,4,3,5,7,1,6,5,6,6,1,1,5,5,2,1,1,5,4,4,2,1,4,4,4,1,1,1,1,4,1,2,2,2,5,1,1,2,5,2,2,2,1,2,1,1,1,1,2,2,1,4,1,4,1,4,1,5,2,5,5,1,2,2,2,2,2,5,4,2,2,2,2,4,2,1,1,4,4,3,4,1,4,3,1,Женский,27,Женский,27,2
111,2688dd1414bbc98dcec9bdb287cb5bd8,2,6,5,1,6,4,5,3,7,3,2,4,1,2,1,2,4,2,3,3,4,3,4,4,2,5,2,4,2,3,5,5,4,2,1,5,2,4,2,1,4,1,5,3,1,4,4,1,4,5,4,5,2,4,1,5,2,1,2,2,4,5,2,1,4,5,1,1,2,2,4,3,1,4,1,2,3,2,4,5,3,2,3,4,1,Мужской,17,Мужской,17,1
112,cb9ff9a2ae74decfc702e33a1cc7fae3,5,6,3,5,5,2,6,6,6,1,1,1,1,2,1,2,2,1,1,3,2,4,4,2,1,2,3,4,1,1,3,2,2,2,1,3,3,2,2,1,1,5,4,4,2,1,5,4,2,1,1,3,3,2,2,1,2,1,3,2,4,3,2,1,2,2,1,1,4,1,1,1,1,1,2,3,1,2,2,3,2,3,2,4,1,Мужской,18,Мужской,18,1
113,b2fb14fecc88bf8b947a4cc1f6a8d0f7,5,6,3,7,6,4,3,3,2,1,2,5,5,1,3,3,5,3,1,4,4,5,4,1,1,3,3,1,4,1,2,5,3,3,1,3,5,4,5,1,1,5,5,1,1,5,1,5,1,1,3,5,5,1,1,2,5,5,5,1,1,5,3,4,1,3,4,5,3,1,3,2,3,1,1,1,5,5,1,1,3,3,3,1,1,Женский,18,Женский,18,1
114,a264e747c1ef175966c0454428c2c171,6,6,4,2,6,1,5,4,5,3,1,2,1,3,2,3,2,2,3,2,2,4,2,4,1,2,5,1,2,2,2,2,4,5,4,2,4,2,4,2,2,4,2,5,2,5,2,3,3,3,2,4,2,4,2,3,2,4,4,2,3,3,2,2,2,3,3,2,4,3,2,2,3,4,2,2,3,2,4,4,4,3,2,3,2,Мужской,18,Мужской,18,1
115,4bd252806dcf37b023276bdc1ae1c6e2,5,4,3,7,6,3,6,4,3,3,1,2,4,1,1,3,2,4,1,1,1,2,3,1,2,3,4,4,2,1,4,1,3,1,1,3,2,3,5,1,4,4,3,1,1,3,1,4,1,1,1,4,4,1,1,3,1,4,2,4,2,4,4,1,2,2,2,3,1,1,1,1,2,1,2,3,2,4,1,2,3,2,3,2,1,Женский,19,Женский,19,1
116,cdfb18f3d3008c374f0bedca0a444241,5,6,6,2,5,4,4,5,7,2,2,4,3,4,2,5,2,2,5,2,3,4,3,5,3,1,3,4,5,1,3,1,3,5,1,3,3,3,3,1,2,4,3,3,1,1,5,3,5,2,1,5,2,4,4,3,3,3,4,3,1,2,1,2,3,2,3,1,2,2,1,1,2,5,2,2,1,2,5,1,3,2,3,5,2,Мужской,18,Мужской,18,1
117,3db0736c957b96b0879aff2b5b2f1ec6,5,2,6,1,7,1,6,1,5,2,1,2,1,3,1,3,5,2,5,1,1,1,2,5,1,1,3,2,5,1,1,1,2,4,1,1,1,2,5,1,2,3,2,5,1,1,1,1,4,1,3,3,5,4,1,1,3,5,3,1,2,4,2,3,1,1,1,1,5,1,1,1,4,2,2,2,2,4,5,1,1,3,2,5,1,Мужской,20,Мужской,20,1
118,a97a70f010455f3f1c8d74dc069303d8,5,7,3,6,5,2,5,7,5,1,4,4,4,3,2,4,2,5,2,1,1,3,2,4,4,2,5,2,4,1,2,2,5,4,1,2,1,5,4,4,2,3,4,2,4,2,5,3,1,5,3,4,2,5,3,2,4,2,5,4,2,4,3,2,5,4,4,2,5,2,4,2,3,5,1,4,2,3,5,3,2,4,3,4,2,Мужской,18,Мужской,18,1
119,4831a9c83933e48fe75d7faf0eea7b7f,3,6,6,5,6,7,5,4,1,3,5,2,4,3,2,2,5,5,1,1,3,5,3,1,3,3,5,4,1,1,5,1,1,1,1,5,5,2,1,1,5,1,2,1,3,5,1,3,1,1,5,5,5,1,1,5,1,3,1,1,1,1,2,1,3,5,1,1,3,1,1,1,3,1,3,5,1,5,3,3,2,3,3,1,1,Женский,16,Женский,16,1
120,c33d3cfeecac4e8dd821f49f49e1d62f,5,5,6,4,7,1,7,1,4,1,2,5,1,3,1,4,1,1,2,1,5,1,2,1,1,3,4,1,3,1,1,1,2,2,1,1,5,1,5,1,1,5,1,1,1,5,2,1,1,2,5,5,1,4,1,2,1,2,1,1,3,1,1,2,1,5,1,3,3,5,5,1,1,5,1,2,2,5,5,3,5,1,1,1,1,Женский,18,Женский,18,1
121,c526a8ee845e41e7f13a941e010ed561,4,5,3,7,4,6,6,6,3,3,5,2,4,2,2,5,2,5,1,3,5,3,5,1,3,3,3,4,1,2,4,2,4,2,1,4,1,3,1,1,5,5,4,2,2,2,2,2,1,1,5,5,2,1,1,5,1,2,2,2,5,4,3,2,2,2,1,1,2,1,2,2,2,2,4,4,1,1,1,4,2,3,4,1,1,Мужской,18,Мужской,18,1
122,738393b59d9a2df317a4886badeb5dca,6,3,5,2,7,2,5,1,3,1,3,3,1,4,2,3,4,2,4,1,1,4,3,4,3,4,3,1,4,4,4,2,2,5,2,4,2,2,4,2,2,4,1,4,3,2,2,1,2,5,1,2,2,4,2,2,2,4,3,2,4,3,2,2,2,1,2,4,4,3,2,2,2,4,2,2,2,2,4,4,2,2,1,4,1,Мужской,37,Мужской,37,3
123,d2fcc01fbbd1a81ff374d863a3229a3a,5,6,6,5,5,3,4,3,2,2,3,3,5,2,3,2,3,5,2,3,5,1,3,1,4,2,4,3,1,2,2,3,3,3,2,4,2,5,2,2,2,3,1,3,1,4,5,2,2,1,3,5,2,2,2,5,2,3,2,5,5,3,3,2,1,3,3,3,3,3,2,2,3,2,2,2,3,3,2,3,2,2,3,2,2,Мужской,28,Мужской,28,2
124,298608d0451ba7859e0647ec4c9ac098,6,2,7,4,5,2,7,1,5,1,5,1,2,2,1,1,1,2,2,2,1,1,1,2,5,2,3,3,4,2,1,3,2,3,1,1,1,2,5,1,1,5,2,2,2,1,1,2,2,1,2,4,1,3,1,2,1,1,2,2,5,4,3,4,1,1,1,1,3,2,1,1,1,1,3,1,1,1,2,5,4,1,2,3,1,Женский,17,Женский,17,1
125,183d9b9e8a6511c6c20cc6f1230712b8,5,6,6,6,5,3,5,2,2,3,2,1,2,2,2,2,1,4,1,1,1,3,2,1,1,1,5,2,1,3,1,1,1,2,3,1,5,1,1,1,1,5,1,1,3,1,1,1,1,1,5,5,1,2,1,2,1,2,1,4,2,1,3,1,1,4,2,1,1,1,2,1,2,1,5,1,2,4,1,3,4,2,2,1,3,Женский,18,Женский,18,1
126,c0aa4a7926106248cddd9aa01e655c04,6,6,4,2,2,2,5,4,4,7,1,1,5,4,4,2,2,4,2,1,1,1,5,1,3,3,3,3,3,3,3,3,3,3,3,3,3,3,3,3,3,3,3,3,3,3,3,3,3,3,3,3,3,3,3,3,3,3,3,3,3,3,3,3,3,3,3,3,3,3,3,3,3,3,3,3,3,3,3,3,3,3,3,3,3,Женский,16,Женский,16,1
127,98425588cdf639ffc843f49813b7e93d,7,2,6,5,7,1,4,1,6,4,3,4,1,5,1,5,5,3,5,1,1,5,2,3,1,1,1,1,4,5,1,1,1,4,4,1,1,1,5,3,5,5,1,4,1,5,5,1,1,1,4,5,1,3,1,1,3,5,3,1,4,1,1,1,3,4,1,5,5,5,1,1,3,2,1,3,1,1,4,5,5,3,1,2,4,Женский,38,Женский,38,3
128,7139e6ca7c853fa04fbdc0d5a2ef5620,6,1,4,5,7,7,6,3,3,1,3,1,4,3,1,5,1,2,1,5,3,1,2,3,1,3,1,4,3,1,3,1,1,5,1,3,3,3,3,3,3,3,3,3,3,3,3,3,3,1,1,1,1,1,1,1,2,2,4,3,2,4,2,4,1,5,3,1,2,4,3,1,5,2,4,2,3,3,2,4,2,4,3,1,4,Мужской,18,Мужской,18,1
129,c8f99dc82c0885a11ee5c59109177306,4,5,5,4,3,2,4,4,3,2,1,1,1,3,3,1,1,3,2,3,1,1,2,3,1,1,4,3,2,3,1,1,2,3,4,1,1,5,4,1,1,1,1,3,1,3,1,1,4,1,3,2,2,3,5,3,5,1,3,1,5,5,3,5,1,5,1,5,5,1,1,3,1,1,1,1,3,5,3,1,1,3,3,3,3,Мужской,19,Мужской,19,1
130,05ad4cd2a9fe1fa2679ff125f6c8b1e1,6,5,6,3,5,2,5,6,6,4,4,2,2,4,1,2,1,3,4,1,1,2,2,4,5,2,4,1,4,2,2,1,1,4,3,2,1,1,5,2,1,5,1,5,3,1,3,1,5,2,1,2,1,4,1,3,2,5,5,3,2,1,1,3,3,1,2,3,5,2,3,1,1,5,2,2,1,2,3,3,3,1,1,5,1,Мужской,31,Мужской,31,3
131,87bbd944459973ad8abca7242e19a7b8,4,3,6,2,6,7,7,3,7,7,1,1,3,4,1,3,2,3,4,4,2,5,2,5,2,3,3,1,4,2,2,1,2,3,2,1,1,2,2,2,5,4,2,1,4,5,5,2,1,1,4,5,4,2,5,5,2,2,1,2,2,2,2,1,3,5,2,5,1,1,5,1,2,1,1,2,2,2,1,5,5,1,2,5,1,Мужской,17,Мужской,17,1
132,c866eef5ee599a8e4c06b9162f9ff74d,5,5,4,4,4,2,5,6,7,5,3,3,4,2,3,5,2,5,1,5,4,4,1,4,4,2,4,2,4,4,2,4,4,2,1,3,1,4,3,1,1,5,3,1,3,1,1,3,1,1,1,5,3,2,1,1,4,1,3,2,4,4,4,5,1,3,2,1,1,3,2,2,3,2,2,2,3,2,3,1,3,3,3,2,3,Мужской,18,Мужской,18,1
133,4862aae64cfa85a4aa3dca6fdb5a36f8,3,5,2,6,3,6,7,3,4,5,1,2,3,4,3,4,1,4,1,1,1,2,2,2,1,3,4,5,4,1,5,2,4,2,1,5,3,1,1,1,2,3,4,1,3,3,1,3,1,1,4,4,3,3,4,2,2,2,4,1,3,2,2,3,4,2,2,4,4,2,1,1,2,2,4,4,3,4,2,4,2,4,4,1,3,Женский,19,Женский,19,1
134,fd6cbc42dd6bf5a7d4dd9bdba2267d39,5,2,3,6,5,5,6,5,3,4,2,1,5,1,3,4,1,4,2,2,3,4,4,2,3,4,1,3,1,2,4,3,4,4,2,4,2,3,4,2,4,5,3,2,2,2,2,4,1,3,2,3,3,2,1,2,2,3,2,2,3,3,4,2,1,3,1,1,1,2,4,2,2,1,3,3,2,1,1,3,4,2,4,2,3,Мужской,18,Мужской,18,1
135,34b44a5f49982ffee3cd2df3f3c64327,7,6,6,2,7,1,7,1,7,1,1,3,2,4,1,1,2,2,4,1,2,3,3,4,3,1,5,1,5,1,1,1,3,5,1,1,5,3,5,4,2,5,1,4,1,3,1,1,4,1,2,5,3,3,1,1,2,4,5,2,1,3,5,2,2,1,3,4,5,2,1,5,4,5,2,1,3,4,4,2,2,5,3,5,1,Мужской,17,Мужской,17,1
136,2a2e8cd433cbf7240ba0babd3582e1b2,7,5,7,2,5,1,4,1,7,5,1,1,1,4,3,1,2,3,1,1,1,2,1,5,1,2,3,1,3,5,2,1,1,5,1,2,1,1,3,2,2,1,1,4,1,1,1,1,1,1,1,2,1,4,1,1,1,1,1,3,3,2,3,1,3,2,1,1,5,1,1,1,1,5,1,2,2,2,5,1,5,1,1,5,2,Женский,18,Женский,18,1
137,a0717a5d89b6c5142d4315c86e8cec18,6,4,6,1,7,1,6,7,7,7,1,1,5,5,1,2,1,5,5,1,3,1,1,5,2,1,3,1,5,2,2,1,1,5,2,2,5,1,5,4,1,3,1,4,2,1,1,2,4,5,1,3,1,5,1,1,1,1,3,1,1,1,1,5,1,5,1,1,5,1,1,1,1,5,1,1,1,1,5,1,3,1,5,5,1,Мужской,18,Мужской,18,1
138,f221c67b2815391de72712bc1315b21d,2,5,6,4,5,2,7,6,6,2,4,1,1,3,2,1,2,2,1,1,2,4,1,2,1,4,1,4,1,5,5,1,1,5,1,5,1,1,1,2,5,5,1,1,2,5,3,3,1,3,2,3,1,1,1,3,2,2,1,1,5,1,1,1,2,3,1,1,2,3,1,2,3,1,1,3,2,1,2,3,3,2,2,2,1,Женский,24,Женский,24,2
139,dd872959bdae57b2a18eb03118f7f797,6,5,7,4,6,3,7,2,6,1,3,1,5,2,2,5,1,3,2,1,4,1,2,1,1,1,4,2,3,2,2,2,1,5,1,1,2,2,2,1,5,4,1,5,1,2,4,2,2,1,3,3,2,2,1,1,1,2,2,3,5,2,4,5,4,5,3,1,4,1,3,1,3,2,2,1,2,1,1,4,5,2,4,1,2,Женский,17,Женский,17,1
140,27e346e49cd96e7f72a22c53b093811a,6,5,7,3,5,1,4,1,5,2,1,1,1,3,1,1,1,3,3,1,2,5,1,2,5,3,1,2,3,1,1,1,2,3,1,3,1,4,4,3,2,2,1,5,2,5,2,3,3,1,1,3,1,3,1,1,2,3,3,3,2,2,3,2,3,1,2,1,3,4,1,1,1,1,3,1,1,1,2,3,4,3,1,3,2,Женский,25,Женский,25,2
141,0eb9f4b5367c34243ca93e01eb708fa1,5,3,6,5,5,4,6,2,5,6,1,1,1,2,2,3,1,2,2,1,3,2,2,2,2,4,2,1,2,1,4,1,1,3,1,4,1,1,3,1,1,4,2,1,2,1,1,3,2,1,4,4,2,1,1,3,2,2,4,1,3,3,2,3,2,4,3,4,1,2,1,1,2,1,3,1,1,2,2,4,4,2,2,1,1,Женский,19,Женский,19,1
142,ac0d7b34db75935c77c6315033589ce7,6,6,4,5,5,3,4,5,4,2,2,1,4,1,1,1,1,4,1,2,2,4,4,2,3,1,3,2,2,2,2,2,4,4,2,2,4,2,3,2,2,2,3,1,1,1,2,3,1,1,1,2,3,1,1,3,1,3,2,3,3,4,4,1,1,3,1,2,3,3,3,1,3,2,3,4,1,3,3,3,3,3,3,3,1,Женский,20,Женский,20,1
143,7b73f7837353638e1a819b38ec3b0eb7,5,3,5,7,5,2,6,7,1,4,4,2,5,1,2,1,1,5,1,2,3,5,2,1,3,5,1,4,1,2,5,2,2,5,1,2,1,1,1,1,4,1,4,1,3,5,1,2,1,1,4,1,1,3,2,4,1,1,1,3,5,5,5,1,4,1,1,1,1,2,2,1,2,1,4,5,1,4,1,3,5,5,2,1,1,Женский,17,Женский,17,1
144,f5e51c431c0bf6cdc7cbc302570cc9bd,5,5,3,6,6,4,6,5,1,3,3,1,5,1,1,2,3,3,1,2,1,5,3,1,3,1,3,2,3,1,1,3,2,4,2,1,1,2,3,2,4,3,2,1,5,5,4,4,1,2,2,2,2,1,2,3,1,3,1,4,3,4,4,4,1,4,1,2,1,5,1,1,3,1,2,1,1,4,1,4,2,3,4,2,2,Женский,17,Женский,17,1
145,8a46af2a3180b310e837f3d5c00314e9,2,6,6,3,6,3,5,3,6,3,1,2,2,3,3,1,5,2,4,2,1,2,2,4,4,2,5,1,5,5,2,2,4,5,2,2,2,5,4,2,3,1,3,2,3,5,5,1,1,1,2,5,2,4,1,5,2,5,4,1,1,5,1,2,1,4,1,5,5,2,3,2,2,4,2,1,2,5,4,2,4,2,4,5,1,Мужской,18,Мужской,18,1
146,a317dc413d6ef4e4667cc59f3e88b6b2,6,2,6,3,5,2,7,5,7,4,1,1,1,4,2,3,1,2,2,3,3,2,2,2,3,3,4,4,4,2,3,2,2,5,1,2,1,3,5,1,2,5,2,1,2,2,2,3,1,3,2,4,1,2,3,3,2,2,4,2,2,4,1,3,2,3,2,1,2,1,1,2,2,1,3,3,1,2,2,3,2,2,3,2,1,Мужской,18,Мужской,18,1
147,b6deaed9721079080beefd9d93c51cc0,5,6,5,6,7,1,7,3,3,2,2,2,2,2,1,1,4,2,2,1,1,5,2,1,1,2,5,1,2,5,2,1,2,2,1,1,4,4,5,1,1,5,1,4,1,5,2,2,1,1,1,4,2,1,1,3,2,2,4,2,5,4,2,3,2,3,2,1,2,1,1,1,1,1,1,1,5,1,2,5,1,2,2,2,1,Женский,17,Женский,17,1
148,cfd57f16e3598d4ff5c86583be25a8a9,7,7,3,5,7,1,3,5,2,2,4,4,4,1,1,2,5,5,2,3,1,5,4,4,4,1,5,3,1,1,3,4,2,4,5,1,5,1,5,5,1,5,4,5,5,1,5,4,1,5,1,5,2,4,5,5,5,5,3,2,2,5,5,4,2,2,4,4,2,2,1,1,5,1,1,1,5,5,1,1,2,4,5,2,1,Женский,18,Женский,18,1
149,1aaf4bf19aee6a2917f95796b9a5ab17,4,5,4,3,5,3,5,3,2,6,2,2,4,3,2,2,2,4,2,1,1,1,4,1,1,1,5,2,4,1,4,4,2,5,1,2,1,5,5,1,3,2,3,1,2,2,2,1,1,1,3,5,3,1,1,4,3,1,2,5,3,2,2,2,1,1,4,1,3,4,2,3,1,1,5,5,2,2,1,2,5,3,4,1,2,Женский,18,Женский,18,1
150,7bda7138dab5cf3f05e674beca71f5be,1,3,2,6,1,6,2,6,2,7,1,2,1,5,1,3,1,1,5,1,1,1,2,5,1,2,2,1,5,1,1,1,2,4,1,2,1,1,5,2,1,2,3,5,1,2,1,4,4,1,4,2,2,4,1,2,1,4,4,1,2,2,1,2,1,3,2,2,5,2,2,1,2,2,2,1,1,3,3,3,1,2,2,3,1,Мужской,18,Мужской,18,1
151,7910baa84e80c481721ffa3402acbe7a,2,7,7,3,4,1,7,1,7,4,4,1,1,3,4,3,1,2,2,5,3,2,2,3,4,1,2,3,2,5,4,4,1,5,3,4,1,1,1,3,3,4,1,3,5,5,2,1,1,1,3,1,1,3,2,5,1,3,3,1,5,2,2,2,2,2,1,4,4,1,4,1,3,5,4,3,1,1,4,4,4,2,1,3,4,Женский,48,Женский,48,4
152,ce3ff6ec9069eb5371f1043938e350a2,7,2,6,3,5,1,7,2,7,1,1,1,3,3,1,3,1,2,2,1,2,2,3,2,3,1,1,1,4,1,1,1,1,2,1,1,1,1,2,2,1,1,1,1,2,5,3,4,2,1,2,5,1,5,1,2,1,5,3,4,3,1,5,3,1,2,1,1,4,2,2,1,4,2,3,1,1,2,2,2,4,3,1,1,1,Женский,17,Женский,17,1
153,aaff8a9c3b507028e2f093dd56c423d7,3,5,5,4,2,4,3,3,3,6,5,5,3,3,2,1,5,2,1,1,4,4,3,4,1,2,2,2,1,4,3,3,3,2,2,4,2,4,2,1,3,5,4,1,4,4,5,5,1,2,5,5,3,1,1,3,5,1,2,5,2,4,1,1,4,2,1,1,1,2,3,1,1,1,4,4,4,4,2,4,3,2,3,3,1,Женский,17,Женский,17,1
154,109572a789f48934d43d8e52ce6db4be,6,5,6,5,6,3,6,3,3,3,3,1,2,2,3,3,1,2,1,4,3,3,3,1,4,2,4,2,2,2,2,1,2,4,2,3,2,2,4,2,1,4,2,1,2,1,1,1,2,1,3,4,1,1,1,5,1,1,2,4,4,3,3,4,2,3,2,2,2,3,1,2,2,1,2,1,1,2,1,5,2,3,4,2,1,Мужской,18,Мужской,18,1
155,50d432c0488ec78f266232eea24c3c24,4,5,2,6,6,6,4,6,1,3,4,3,5,1,5,2,5,5,1,1,1,2,2,2,2,3,2,3,5,1,4,1,2,5,1,2,3,2,2,1,1,3,4,1,3,2,2,4,1,1,4,3,4,1,1,3,2,4,1,1,2,4,4,2,1,5,1,1,1,1,3,3,2,1,3,5,1,5,1,3,2,3,2,3,1,Мужской,17,Мужской,17,1
156,7c14b9fe59065628643296fe0be0db69,5,3,6,2,4,4,6,2,5,2,3,2,2,3,2,4,1,3,2,2,3,3,2,2,2,3,2,3,2,1,3,2,2,3,2,3,2,2,2,2,2,3,1,2,4,3,3,3,2,2,3,3,2,3,2,2,2,2,2,3,3,2,1,3,2,1,2,3,3,3,2,1,2,2,3,2,1,3,3,3,3,2,3,2,2,Женский,18,Женский,18,1
157,887083476414777a5a22b02c2a699cd2,5,5,5,3,4,5,3,5,5,3,3,2,2,4,2,4,1,3,4,4,2,1,3,4,3,4,2,2,3,4,1,2,2,4,3,1,2,4,4,2,2,2,2,5,2,2,2,2,4,1,4,2,2,4,2,4,1,3,4,2,4,4,1,2,2,2,4,2,4,3,2,1,1,3,4,3,2,2,4,3,2,4,2,4,2,Мужской,20,Мужской,20,1
158,936bea2c3657d263d0b5d8f39b538a23,6,5,4,2,7,1,2,2,1,1,5,4,5,5,1,1,5,5,5,1,1,5,2,5,5,1,5,1,5,3,1,5,2,5,3,1,5,1,5,4,1,4,1,4,1,1,1,1,5,1,1,5,1,5,1,5,4,5,5,1,2,3,5,5,5,1,5,1,5,5,1,3,5,5,1,1,5,2,1,1,1,5,1,5,5,Женский,19,Женский,19,1
159,b0005943a39645d59034db23f9b41803,5,3,5,2,4,1,6,3,7,1,1,1,5,1,1,5,1,2,3,1,4,2,5,4,1,1,1,1,5,1,2,1,3,2,1,5,1,5,5,1,2,3,2,3,1,1,1,3,2,2,1,4,3,4,2,3,2,2,4,2,2,2,2,3,2,2,2,2,3,2,2,2,2,1,1,2,1,2,3,2,2,2,3,5,1,Мужской,17,Мужской,17,1
160,b8f8651c29a3b0dda213e5450a5abc2b,7,7,4,1,7,1,4,4,7,1,1,1,5,5,1,3,5,1,5,1,1,5,5,5,3,1,1,3,5,3,2,3,5,5,1,3,1,5,5,3,1,3,3,3,5,1,1,3,1,5,1,5,1,5,5,1,5,5,3,1,4,1,1,5,3,1,1,1,5,5,1,1,5,5,1,1,1,5,5,3,5,1,5,5,1,Мужской,18,Мужской,18,1
161,2972377ced7f8a33382483f65c08a092,4,6,4,3,5,2,2,5,6,3,4,5,4,3,1,2,5,3,2,1,2,5,3,3,2,1,5,1,5,1,3,2,2,4,2,2,5,3,5,1,2,3,4,3,2,2,5,4,3,1,3,5,1,2,1,3,4,5,1,1,1,5,2,1,4,4,1,2,1,1,3,2,3,2,2,2,5,5,4,2,3,3,5,4,1,Женский,18,Женский,18,1
162,98ac03676f19f0e81a85bb18f5c3fd45,7,7,7,1,7,1,1,2,6,1,2,3,2,5,1,3,2,3,5,1,3,1,3,5,2,1,4,2,5,1,1,4,2,5,1,1,2,2,5,3,1,3,1,5,1,2,1,3,5,1,1,3,2,5,2,3,1,5,5,1,1,1,1,5,4,3,5,3,5,1,3,3,2,5,1,1,1,5,3,1,2,2,2,5,2,Мужской,18,Мужской,18,1
163,bb9e229db86e915bd9009d1fbaedce4f,3,5,7,3,6,4,6,1,7,4,1,3,2,3,2,5,1,4,3,3,5,5,1,3,3,1,1,1,3,3,2,3,3,5,1,4,2,3,3,1,4,4,2,2,2,5,5,1,1,1,5,3,1,1,3,1,1,3,1,5,1,1,1,2,1,5,3,2,1,2,1,3,2,1,5,5,3,3,3,3,1,3,5,5,1,Мужской,17,Мужской,17,1
164,2c849439a0ed10556ef186c545b5003f,6,7,5,1,6,2,2,4,6,2,5,5,5,5,1,5,5,5,5,1,1,5,3,5,1,1,5,5,5,1,1,5,5,5,1,1,5,5,5,1,1,5,1,1,1,5,5,5,1,5,3,5,5,5,5,1,5,5,5,1,1,5,1,5,5,1,1,1,5,1,1,1,1,5,1,1,5,5,5,1,1,5,5,5,5,Мужской,18,Мужской,18,1
165,02235ca753a1e77a18e390598ffd2426,7,7,1,5,6,5,7,6,6,3,1,4,5,1,5,1,1,4,1,1,3,3,3,1,1,2,5,2,3,3,1,2,3,1,1,1,3,3,3,1,1,1,2,5,1,5,1,3,1,1,3,1,2,1,1,3,2,2,3,1,1,3,2,1,1,3,1,1,1,1,3,1,1,1,2,3,1,3,2,3,2,2,2,2,1,Мужской,19,Мужской,19,1
166,43eab12803d1d966878528712a897711,4,4,3,5,5,2,5,2,4,2,3,3,1,2,2,1,2,2,2,2,2,3,2,2,2,2,1,2,1,2,3,3,3,3,2,2,2,1,2,2,1,1,2,2,2,2,2,2,1,2,3,2,3,3,2,2,2,2,2,2,3,2,2,3,2,2,1,2,2,2,3,1,2,2,2,3,3,3,2,2,3,3,2,3,1,Женский,18,Женский,18,1
167,0388102e4a2930508cd671abee2a6b16,6,7,5,7,6,3,5,2,2,3,1,3,3,2,1,3,2,2,1,2,2,2,2,2,4,1,2,3,2,5,3,2,3,2,2,3,3,3,4,1,1,3,3,1,3,1,2,2,1,1,4,4,2,1,3,3,1,5,1,3,2,1,4,2,1,4,2,3,1,1,1,1,5,1,2,5,3,2,1,2,3,2,2,2,2,Женский,18,Женский,18,1
168,578b43c9c7c8c7091dffab67674fcbf5,6,5,2,3,7,3,5,6,2,2,4,2,5,4,1,2,2,5,4,1,2,5,4,4,4,1,4,4,3,2,3,4,4,5,2,5,2,3,5,1,1,5,4,2,2,1,1,4,5,1,2,1,2,4,1,2,2,5,5,2,2,1,4,1,1,1,2,5,5,4,1,2,5,1,2,1,4,5,1,2,1,2,5,2,1,Женский,18,Женский,18,1
169,523143351d9fd49bd78369c1ed259af9,5,5,6,2,6,3,5,2,5,4,1,1,3,4,1,3,2,3,4,3,3,4,3,4,2,3,3,2,4,4,3,2,2,5,2,3,2,2,4,2,4,4,3,4,3,2,2,2,4,4,4,2,2,5,3,3,2,4,4,1,4,3,1,3,1,4,2,2,4,2,3,1,2,5,3,3,2,2,5,3,4,3,3,5,2,Мужской,17,Мужской,17,1
170,0d4b3138f39e88e4228b289abcb1d103,7,5,4,5,4,2,6,5,3,3,1,1,2,2,1,3,2,3,2,2,2,3,3,2,3,1,4,2,2,1,2,2,3,4,1,2,1,2,4,3,1,3,2,3,4,4,2,3,4,2,3,3,2,3,2,3,2,3,3,4,4,1,3,2,1,1,2,2,4,2,1,1,3,1,3,3,2,1,2,2,2,3,2,3,1,Мужской,18,Мужской,18,1
171,c9c09c150aa1269f35fe108285b63e45,6,5,6,2,4,1,5,1,6,6,1,1,5,5,1,5,5,5,5,1,1,5,5,5,1,3,5,1,1,1,1,1,5,5,1,1,1,5,5,1,1,5,2,5,3,5,1,3,2,1,1,1,2,4,4,1,5,5,4,2,3,4,4,3,2,1,1,5,2,2,1,1,2,5,1,1,2,5,5,3,1,4,4,2,3,Мужской,18,Мужской,18,1
172,f4f4cdef5c4ab89dc3ae4c2e877d0a89,6,5,5,7,6,4,7,4,4,5,2,3,1,1,1,1,1,1,1,3,1,5,2,1,3,1,5,3,2,1,1,1,5,1,1,1,5,4,1,1,1,2,1,1,1,1,1,4,1,1,1,4,4,1,1,2,1,2,1,1,5,3,3,2,1,1,1,1,1,1,1,1,2,1,3,5,4,2,1,2,2,3,4,2,1,Женский,17,Женский,17,1
173,6b2e2ed95aa898fc6f809d6a2724cbe6,4,5,6,5,5,7,7,2,4,3,2,1,2,3,2,1,1,3,2,2,3,2,3,3,3,2,2,2,2,2,4,1,2,3,2,3,2,2,3,2,3,1,2,3,4,2,1,2,1,1,3,3,2,3,1,1,1,3,1,4,3,3,3,1,1,3,1,1,1,1,3,1,3,2,3,3,1,2,2,4,5,1,3,3,3,Женский,21,Женский,21,2
174,4913d38e24e1e7f0e7bf25d1e73eb7d5,2,5,4,7,3,7,7,5,3,3,2,1,5,1,3,5,1,4,1,4,5,5,5,1,3,5,1,5,1,1,5,1,4,3,1,5,1,5,1,1,5,5,3,1,1,5,1,5,1,1,5,5,3,1,1,5,1,1,1,5,5,1,3,1,1,5,1,1,1,1,5,1,1,1,3,5,1,1,1,5,5,3,5,1,4,Женский,19,Женский,19,1
175,e669af3b57bcf114aaff69781bbeb192,3,7,7,1,5,7,6,1,3,2,1,1,1,3,2,4,2,2,4,5,3,2,1,3,3,3,4,2,3,1,4,3,1,4,2,4,2,1,3,3,2,3,1,5,3,4,4,2,2,4,2,4,1,4,1,2,2,3,4,3,5,1,1,1,2,3,1,1,4,2,3,1,1,5,4,2,1,1,4,5,5,3,4,4,4,Мужской,45,Мужской,45,4
176,e5a66e3db3a198dff44da66f37cc8d67,7,5,6,2,6,2,5,2,6,2,1,1,2,5,1,2,2,2,4,3,5,1,2,5,2,2,2,1,4,2,1,1,2,5,2,1,2,1,5,2,2,2,2,5,2,2,1,2,5,2,1,2,1,5,2,2,2,2,4,1,4,2,1,5,1,2,1,2,5,2,2,1,2,5,2,2,2,1,5,2,2,2,1,5,1,Мужской,18,Мужской,18,1
177,26aed33e0606d6f082fd1510ae2b6be3,7,3,6,1,5,5,5,1,6,3,1,2,3,2,2,5,1,2,2,1,1,1,2,1,1,2,1,1,3,5,3,1,2,5,2,5,1,1,4,1,4,3,2,4,1,5,1,1,5,3,5,4,1,5,1,2,1,1,3,1,5,3,1,2,1,4,1,2,3,1,3,2,1,3,2,2,1,1,4,5,5,3,3,4,1,Женский,17,Женский,17,1
178,82e3e4e6cd12933eaff743b21988edd7,5,3,7,5,6,4,6,3,7,7,1,1,1,2,4,3,1,1,3,5,4,3,1,5,1,3,1,1,3,5,4,1,1,1,1,2,1,2,4,2,1,1,2,2,4,5,1,2,3,4,1,1,1,3,2,3,2,2,2,2,4,1,2,2,2,3,2,2,1,2,1,1,2,1,5,4,1,3,4,5,5,2,1,3,2,Мужской,19,Мужской,19,1
179,da6da9a6c58dc61492bf3148da3f4e45,5,4,6,5,3,2,5,3,4,1,3,3,3,1,4,1,2,2,1,3,3,4,3,1,3,1,4,3,2,1,1,3,3,2,1,2,2,3,3,1,3,5,1,1,2,2,4,3,1,2,3,2,2,3,3,4,1,4,2,3,2,5,2,2,2,5,2,4,3,1,1,1,4,1,2,1,2,5,2,2,2,1,4,2,2,Мужской,19,Мужской,19,1
180,a91c0263a73e3080c4152af7aa6e5caa,2,2,7,3,6,4,7,4,5,3,1,1,1,1,2,2,1,2,2,3,2,2,2,4,2,3,1,2,2,4,4,1,1,5,2,2,1,2,3,2,1,1,1,3,4,5,1,3,2,2,2,1,2,4,2,3,2,2,2,2,3,1,2,2,2,2,1,2,4,2,2,1,2,3,4,4,1,3,4,4,4,1,2,3,2,Мужской,19,Мужской,19,1
181,b31b14696632a0bfde42aeb3eca1773a,6,7,4,7,7,2,7,5,1,1,1,1,5,2,1,1,2,4,1,1,1,3,3,1,3,2,5,1,1,1,1,2,3,1,1,3,4,3,5,1,1,5,2,1,1,1,1,3,1,1,1,5,3,1,1,3,2,3,1,3,4,1,3,3,1,1,1,3,1,1,3,1,1,1,2,1,4,5,1,1,3,3,4,1,1,Женский,17,Женский,17,1
182,7d940753556bb7cd7a9c2f23a19241dd,7,7,5,3,7,1,7,1,3,1,4,2,5,5,1,3,2,5,2,1,1,2,3,5,5,1,5,2,1,1,1,1,3,2,1,2,3,3,3,2,3,5,2,3,1,2,1,3,1,3,1,3,2,3,1,1,1,1,4,3,5,5,5,3,1,1,1,1,5,3,1,1,2,2,3,1,1,3,3,2,2,4,1,1,2,Женский,17,Женский,17,1
183,f960ba1ece022951ca7bc97f0c5fdd6e,4,6,5,5,7,7,7,4,7,4,3,3,3,1,1,5,5,4,3,3,5,5,5,5,5,2,2,3,5,1,3,1,2,3,1,5,1,3,1,1,3,1,1,1,3,5,4,3,3,1,2,5,3,3,5,1,1,1,3,1,1,1,1,1,1,3,1,5,5,1,5,1,1,1,1,3,1,1,1,1,1,1,2,4,3,Мужской,18,Мужской,18,1
184,56a809bd2f4364c5872cfef9ccce6a34,6,4,7,1,6,2,5,1,7,4,2,1,4,4,1,1,1,3,5,2,2,1,1,5,2,2,3,2,3,3,2,1,2,4,2,2,1,1,5,3,2,5,1,4,5,2,5,2,3,2,1,4,1,4,2,1,1,2,4,1,3,1,2,3,3,2,2,4,4,4,3,1,1,4,2,3,2,1,5,5,5,2,1,5,2,Мужской,22,Мужской,22,2
185,3e63dcf21c1e2b28f0bc28a6b1694975,5,4,3,4,6,2,4,5,3,5,3,2,5,3,1,5,1,5,4,2,4,5,3,4,2,3,3,2,3,5,3,3,5,4,3,4,4,4,4,3,4,4,4,3,2,3,2,4,1,3,2,3,3,3,2,4,2,2,3,3,2,3,4,2,2,1,1,2,3,1,1,1,1,4,2,1,2,3,2,2,1,4,4,1,1,Мужской,22,Мужской,22,2
186,1e0b0ed7b1b4e075ad9f7d3c45e40966,3,3,6,5,3,6,2,2,5,6,1,5,5,3,3,2,2,4,4,2,3,1,2,3,2,3,2,4,1,5,4,5,4,4,3,4,1,3,1,1,5,4,2,2,3,4,4,4,2,3,3,5,1,4,4,5,3,1,3,1,5,4,2,2,2,4,2,4,1,3,3,3,2,2,4,3,4,2,3,3,2,2,3,4,1,Женский,18,Женский,18,1
187,05186b9b2309eb1fd34366af4d931e36,2,1,3,5,4,6,6,5,4,1,5,3,5,3,4,5,1,5,2,1,5,4,3,1,1,5,1,5,1,1,5,2,3,1,2,5,1,3,2,1,5,3,3,1,1,5,2,5,2,1,3,4,2,2,1,3,4,2,1,3,1,3,5,3,1,4,1,1,1,1,5,1,5,1,3,2,2,5,3,2,4,1,5,1,1,Женский,18,Женский,18,1
188,425efde4d6745429cb704162550c8d6b,2,2,7,3,3,6,6,1,7,1,1,3,1,5,3,3,3,1,5,3,1,1,1,4,2,1,1,1,4,4,3,3,1,5,2,3,3,1,4,1,5,3,1,4,1,3,5,1,4,1,4,5,1,4,4,1,3,1,3,2,1,3,1,1,1,5,1,5,5,4,3,2,2,4,3,3,2,3,4,3,3,1,1,4,1,Мужской,18,Мужской,18,1
189,55949b4fc386ce00dc0dc2268f06d8f1,3,2,2,3,3,3,5,6,4,3,1,1,5,1,3,5,1,5,1,1,5,1,5,5,3,3,1,5,3,3,3,1,5,3,1,1,1,5,5,1,1,5,3,1,3,5,1,5,1,1,1,3,5,4,3,3,3,3,3,3,1,3,5,1,1,3,5,1,3,1,3,3,3,1,1,3,1,5,1,5,3,2,5,3,1,Мужской,18,Мужской,18,1
190,85ed521b6b8663f0b3fee57f6098b3dc,5,1,7,2,7,1,7,1,6,1,1,1,1,4,1,4,1,2,1,2,2,1,2,3,2,2,2,2,5,3,2,2,2,5,1,1,2,1,2,2,2,4,1,1,1,2,2,2,2,2,4,1,1,3,1,1,1,3,2,2,3,1,1,2,2,3,1,2,4,1,1,1,2,4,2,1,1,1,4,2,2,2,2,3,1,Женский,45,Женский,45,4
191,9f006aee038127132240b908d321536b,7,6,5,7,4,1,6,6,1,1,3,1,3,2,3,5,1,4,1,5,4,5,2,1,2,3,3,4,1,2,3,1,4,1,1,3,5,5,1,1,4,4,1,1,4,3,4,3,1,1,4,4,2,2,1,3,4,3,3,4,2,3,5,3,2,5,2,4,3,1,3,1,3,1,2,2,2,3,2,1,3,1,3,1,3,Женский,18,Женский,18,1
192,703b2ed80437f9ee6ed9a0cdfb8522fc,5,2,7,5,5,4,7,1,6,5,2,1,4,3,3,4,3,5,2,1,3,1,1,2,1,1,3,1,3,3,3,1,1,2,2,3,2,1,2,1,3,4,1,1,1,1,1,1,1,1,1,4,1,2,3,4,1,4,2,1,5,3,3,1,1,1,1,4,3,2,1,2,1,1,3,2,1,1,1,3,2,3,1,1,2,Женский,19,Женский,19,1
193,02f9a336daecad5d64174808f8d62924,5,4,6,5,4,5,6,2,5,6,1,1,2,2,2,4,2,2,2,2,2,2,2,2,4,4,2,3,3,4,3,2,2,1,3,4,3,2,1,2,2,1,1,1,2,4,2,3,3,2,1,1,1,4,5,3,1,2,1,2,4,2,1,2,2,3,2,2,2,2,2,2,2,5,1,5,1,2,2,3,2,3,4,1,2,Женский,18,Женский,18,1
194,007065eef0a76d815f98f5f7e23cdb6c,5,3,7,1,6,4,3,2,7,3,3,2,2,3,1,1,1,3,3,1,1,1,2,5,3,3,3,2,3,1,2,2,2,5,1,2,2,2,5,1,1,3,2,3,3,3,3,2,4,3,3,5,2,4,3,3,1,5,3,1,3,2,1,2,2,3,1,3,3,1,3,1,1,5,3,3,1,1,5,5,3,3,2,5,3,Мужской,18,Мужской,18,1
195,bb693168e0eb9757aa00c5e6c1ee116d,5,3,7,4,6,2,5,2,4,5,1,5,1,1,2,2,1,1,5,2,1,1,1,3,2,1,2,1,4,1,2,2,3,5,1,2,5,1,3,1,5,1,1,3,1,1,1,1,3,1,5,4,1,4,5,1,1,5,4,1,2,4,4,1,3,5,1,5,4,5,3,1,2,3,2,1,4,2,3,1,3,2,1,5,1,Мужской,19,Мужской,19,1
196,b87d0e01b8d612679db15d72a28689c0,7,5,4,1,7,3,6,5,7,5,2,1,5,5,1,1,1,5,5,1,2,3,5,5,2,1,5,1,5,2,1,2,2,5,1,2,5,2,5,5,1,5,2,3,4,2,2,5,2,3,3,3,1,3,1,2,3,1,2,2,2,3,1,1,3,3,1,1,3,1,3,1,1,2,2,3,1,1,4,3,3,2,3,5,4,Мужской,19,Мужской,19,1
197,9ca5bc0736e93a4cf06545b96060d0d8,5,7,7,7,7,1,6,1,2,1,1,2,1,3,1,1,1,1,1,3,2,3,3,2,4,3,5,2,3,1,3,1,1,5,1,1,5,3,4,1,2,1,1,2,1,1,5,3,5,3,1,4,1,3,1,1,1,5,1,3,5,1,5,3,1,5,1,3,3,1,1,1,1,1,3,1,1,1,1,5,2,2,3,3,3,Женский,18,Женский,18,1
198,b1e34218949616a68923510d7af2bf31,5,5,4,3,6,1,6,6,2,3,2,2,5,4,1,5,2,5,4,1,2,3,5,3,3,2,4,2,2,2,2,1,3,4,1,1,1,4,4,2,1,5,2,3,3,1,5,4,2,3,1,5,3,3,1,2,2,5,1,3,2,2,2,3,3,1,5,5,3,1,3,1,5,1,2,2,2,5,1,1,3,2,5,2,1,Женский,18,Женский,18,1
199,6527b7188932dd73ce35857c78494b0a,2,4,4,5,5,6,7,1,7,7,3,3,3,1,3,3,2,2,1,3,2,5,2,1,4,5,1,2,4,4,2,1,4,3,1,5,4,2,3,4,2,2,5,2,1,3,4,5,1,3,2,4,3,2,5,1,4,2,4,4,2,1,3,3,5,1,2,1,4,3,2,4,3,1,4,4,3,5,3,5,4,4,3,5,4,Мужской,18,Мужской,18,1
200,de2a72454d4cdfe64d8e9a99d903da0b,7,7,2,1,7,1,1,4,2,3,1,5,5,5,1,1,1,5,3,1,1,5,1,5,1,1,5,1,5,1,1,1,4,5,4,1,4,3,5,1,1,2,1,4,2,1,5,1,5,1,2,3,4,4,5,3,5,5,5,5,1,1,5,4,4,3,3,5,5,5,2,3,5,5,1,1,5,5,3,1,1,3,5,5,1,Мужской,19,Мужской,19,1
201,131af321d9b83eedb06d16d5766bc8da,7,5,5,3,7,1,6,4,1,1,1,5,5,1,2,3,5,5,1,1,1,5,2,3,2,1,5,2,3,1,2,5,2,1,1,2,5,5,5,1,1,5,5,1,1,5,1,5,1,1,1,5,5,2,1,1,5,5,3,1,2,5,5,5,1,1,1,5,5,1,1,1,5,1,1,1,3,5,1,1,1,5,5,1,1,Мужской,18,Мужской,18,1
202,3621b094ed5be1660b2e72ef231db971,6,6,7,3,5,1,5,1,7,1,1,2,2,5,1,3,1,2,1,1,1,5,1,5,1,1,1,3,3,3,1,1,1,3,1,1,1,3,5,5,1,5,2,1,1,1,5,5,5,1,1,1,2,5,3,1,1,1,2,1,5,1,1,1,1,1,1,5,1,1,1,1,5,1,1,1,1,5,5,1,5,5,1,5,1,Женский,16,Женский,16,1
203,35a33457f007a28954731209056d5dfe,6,6,5,1,7,2,4,5,7,3,2,3,2,4,1,3,2,2,5,1,3,3,1,4,3,1,2,2,4,4,2,1,1,4,3,2,2,1,4,2,4,3,2,4,3,2,2,1,2,3,3,4,2,4,2,3,3,2,4,2,3,2,4,3,4,3,3,2,5,2,1,2,2,3,4,3,3,2,4,3,3,3,2,3,2,Мужской,15,Мужской,15,1
204,3f5c72dedcd3c7882f49090c49d8ed7e,6,5,4,6,6,4,6,2,5,1,3,1,4,4,1,1,1,3,2,1,2,2,3,2,3,4,2,4,3,1,1,1,2,3,1,3,1,1,3,1,3,4,3,5,3,2,1,3,2,2,1,1,1,3,1,3,2,2,2,4,4,2,2,4,2,2,1,1,2,1,1,2,1,2,4,3,1,1,3,2,3,3,4,4,1,Мужской,18,Мужской,18,1
205,e2ea61d80f0396e33657ee4b22345600,5,6,4,6,7,6,6,6,5,2,4,5,5,5,2,4,4,5,3,2,4,2,5,2,1,4,4,2,4,1,4,2,4,4,1,4,3,2,4,1,2,4,4,1,2,4,2,3,1,1,4,2,4,1,1,4,2,2,2,4,2,2,4,2,1,5,1,4,2,1,4,1,2,1,3,3,2,4,1,4,4,2,4,5,1,Женский,17,Женский,17,1
206,ddf73ba202dd14107625e5c9143f092a,6,6,6,2,5,1,5,3,5,3,5,1,5,5,1,5,2,4,5,1,1,5,2,5,5,1,5,1,5,1,2,4,2,5,5,2,5,2,5,3,2,5,1,1,1,5,1,2,4,1,5,4,1,5,1,5,2,2,3,2,4,4,5,4,2,1,1,5,5,2,1,1,4,5,1,3,2,5,5,2,3,2,4,5,1,Мужской,18,Мужской,18,1
207,769af076a083b7d3d149e3e13cd84bfc,6,6,5,6,6,2,4,3,2,4,5,1,5,2,1,2,4,3,2,3,1,4,2,1,2,1,5,1,1,3,2,1,3,2,1,1,5,2,3,1,1,4,1,1,1,1,4,2,1,2,1,5,2,2,2,3,3,4,4,3,5,5,5,2,2,2,4,5,3,2,2,1,2,1,3,2,3,2,1,4,2,3,1,1,1,Женский,17,Женский,17,1
208,09600b5ad5120a37fc7ae8c38f5026ba,7,5,6,5,7,3,5,3,5,2,3,1,1,2,1,3,1,2,2,2,2,1,2,2,3,2,3,1,3,2,1,2,1,4,2,2,3,1,4,2,2,3,1,3,2,3,2,2,1,1,3,3,1,3,1,3,1,3,2,3,4,2,2,3,2,2,1,2,3,2,3,2,3,2,3,3,2,2,3,3,3,2,3,2,1,Женский,17,Женский,17,1
209,c619a28086267d5161dec0e0f62ddcf3,2,5,5,4,3,3,4,1,4,4,4,2,5,2,3,4,3,5,2,1,4,2,2,3,4,3,3,2,2,2,3,3,3,2,1,3,2,2,2,2,5,5,2,1,2,5,1,2,1,1,4,5,3,2,4,5,4,2,1,1,5,5,3,2,2,2,4,3,2,1,2,4,2,5,3,1,3,2,3,2,3,3,2,3,2,Женский,17,Женский,17,1
210,b8f522aeb2ff836e436a2d4f934f119d,6,5,7,2,6,1,5,1,7,6,1,1,2,5,1,1,1,2,5,2,1,1,1,5,1,2,3,2,4,1,2,1,1,4,2,2,2,1,5,2,1,1,1,5,2,1,1,2,3,4,1,1,1,5,2,2,2,2,4,2,2,1,1,1,1,2,1,2,5,2,2,1,2,5,1,2,1,2,5,2,3,2,2,4,1,Мужской,18,Мужской,18,1
211,c6741bc950f2abc8c2b6e6d47f8d8f57,3,5,5,7,5,6,7,5,5,5,2,4,4,1,4,3,4,3,1,3,2,4,5,1,4,3,2,4,2,1,4,1,3,1,2,4,4,4,2,1,2,5,3,1,2,2,3,4,1,2,2,2,1,1,4,3,3,4,1,1,2,4,4,1,1,2,1,1,1,4,1,1,2,1,2,3,1,4,1,4,4,3,4,1,1,Женский,18,Женский,18,1
212,b7693dfbb9efa22d3a7185e9e784a0ea,5,6,5,4,5,3,4,5,3,1,5,3,3,3,2,2,4,3,3,3,2,3,2,3,3,2,5,3,2,2,3,3,3,2,2,3,3,3,2,1,2,4,3,2,2,2,5,2,1,1,3,4,2,2,1,5,4,3,3,4,4,3,4,3,1,4,2,3,3,2,2,3,3,1,3,3,4,1,1,2,3,3,2,2,2,Женский,17,Женский,17,1
213,38aff69f5cb961a1a697840136285163,3,6,6,6,6,6,6,3,2,1,5,1,2,1,2,1,1,1,1,1,3,1,1,1,3,1,4,1,1,1,4,1,2,1,1,3,5,5,1,1,4,5,1,1,3,5,5,1,1,2,5,5,1,1,1,2,1,1,1,5,4,5,1,5,1,5,1,1,1,1,1,1,1,1,5,3,1,1,1,1,5,5,1,1,1,Женский,18,Женский,18,1
214,6fa804c7603d3780ca415d5c6113796c,7,7,5,7,7,5,6,3,3,2,1,5,5,1,5,1,5,5,1,1,1,5,5,1,5,5,5,1,1,1,5,5,1,2,2,1,5,1,1,1,5,4,1,1,3,3,1,1,2,3,5,5,4,1,3,1,5,4,4,3,2,3,5,5,4,1,3,2,5,5,4,2,3,1,5,1,3,4,1,3,4,1,1,1,2,Мужской,18,Мужской,18,1
215,9724327e6f85506a402248d96f426a35,6,6,3,7,5,3,5,7,3,5,4,2,5,4,1,5,1,5,4,4,1,1,5,1,2,3,5,2,2,4,5,1,5,2,1,4,2,2,4,1,2,1,4,1,5,4,2,2,1,1,5,1,4,1,1,5,1,4,1,2,2,2,4,1,1,5,1,4,1,1,1,1,5,1,2,3,2,3,1,1,1,5,3,1,1,Мужской,18,Мужской,18,1
216,56a10652e113cbf28bbec802fc1fa447,7,3,5,5,7,2,6,7,4,2,4,1,4,4,1,1,1,2,1,1,1,1,3,3,1,2,1,1,2,1,2,1,2,1,1,2,1,1,5,3,1,1,1,5,1,1,1,1,1,3,5,1,1,1,1,3,1,5,1,3,5,4,1,1,2,2,3,5,1,2,2,1,3,1,1,3,1,5,1,1,2,3,1,3,1,Женский,17,Женский,17,1
